Country,Year,GDP2
"Afghanistan, Rep. of.",2002,4.084
"Afghanistan, Rep. of.",2003,4.585
"Afghanistan, Rep. of.",2004,5.971
"Afghanistan, Rep. of.",2005,7.309
"Afghanistan, Rep. of.",2006,8.399
"Afghanistan, Rep. of.",2007,9.892
"Afghanistan, Rep. of.",2008,11.513
"Afghanistan, Rep. of.",2009,13.318
"Afghanistan, Rep. of.",2010,15.406
"Afghanistan, Rep. of.",2012,19.248
"Afghanistan, Rep. of.",2013,21.555
"Afghanistan, Rep. of.",2014,24.304
"Afghanistan, Rep. of.",2015,0.0
Albania,2002,4.456
Albania,2003,5.6
Albania,2004,7.452
Albania,2005,8.376
Albania,2006,9.133
Albania,2007,10.163
Albania,2008,11.131
Albania,2009,11.726
Albania,2010,11.797
Albania,2012,13.808
Albania,2013,14.91
Albania,2014,16.053
Albania,2015,11.591
Algeria,2002,57.053
Algeria,2003,68.013
Algeria,2004,85.016
Algeria,2005,102.38
Algeria,2006,114.322
Algeria,2007,116.158
Algeria,2008,126.889
Algeria,2009,134.797
Algeria,2010,154.843
Algeria,2012,177.83
Algeria,2013,190.432
Algeria,2014,203.449
Algeria,2015,175.077
Angola,2002,11.386
Angola,2003,13.956
Angola,2004,19.8
Angola,2005,30.632
Angola,2006,43.759
Angola,2007,55.37
Angola,2008,67.608
Angola,2009,69.708
Angola,2010,87.718
Angola,2012,118.426
Angola,2013,136.415
Angola,2014,151.089
Angola,2015,102.011
Antigua and Barbuda,2002,0.718
Antigua and Barbuda,2003,0.754
Antigua and Barbuda,2004,0.818
Antigua and Barbuda,2005,0.875
Antigua and Barbuda,2006,0.962
Antigua and Barbuda,2007,1.026
Antigua and Barbuda,2008,1.074
Antigua and Barbuda,2009,1.18
Antigua and Barbuda,2010,1.196
Antigua and Barbuda,2012,1.322
Antigua and Barbuda,2013,1.404
Antigua and Barbuda,2014,1.494
Antigua and Barbuda,2015,1.285
Argentina,2002,97.732
Argentina,2003,127.643
Argentina,2004,151.958
Argentina,2005,181.549
Argentina,2006,212.702
Argentina,2007,247.096
Argentina,2008,277.912
Argentina,2009,301.331
Argentina,2010,296.109
Argentina,2012,315.832
Argentina,2013,329.332
Argentina,2014,347.731
Argentina,2015,578.705
Armenia,2002,2.376
Armenia,2003,2.807
Armenia,2004,3.573
Armenia,2005,4.903
Armenia,2006,6.41
Armenia,2007,7.666
Armenia,2008,8.579
Armenia,2009,8.683
Armenia,2010,8.238
Armenia,2012,9.086
Armenia,2013,9.844
Armenia,2014,10.821
Armenia,2015,10.607
Australia,2002,412.901
Australia,2003,527.588
Australia,2004,639.356
Australia,2005,712.436
Australia,2006,754.816
Australia,2007,822.089
Australia,2008,854.072
Australia,2009,920.01
Australia,2010,982.826
Australia,2012,1039.69
Australia,2013,1078.91
Australia,2014,1125.82
Australia,2015,1240.8
Austria,2002,208.566
Austria,2003,255.842
Austria,2004,293.194
Austria,2005,305.338
Austria,2006,321.934
Austria,2007,348.659
Austria,2008,364.58
Austria,2009,374.417
Austria,2010,389.002
Austria,2012,406.52
Austria,2013,417.771
Austria,2014,430.611
Austria,2015,372.606
Azerbaijan,2002,6.236
Azerbaijan,2003,7.276
Azerbaijan,2004,8.682
Azerbaijan,2005,12.561
Azerbaijan,2006,19.817
Azerbaijan,2007,28.699
Azerbaijan,2008,40.229
Azerbaijan,2009,42.505
Azerbaijan,2010,51.916
Azerbaijan,2012,58.795
Azerbaijan,2013,62.867
Azerbaijan,2014,65.776
Azerbaijan,2015,63.983
"Bahamas, The",2002,5.389
"Bahamas, The",2003,5.503
"Bahamas, The",2004,5.661
"Bahamas, The",2005,5.87
"Bahamas, The",2006,6.223
"Bahamas, The",2007,6.624
"Bahamas, The",2008,7.026
"Bahamas, The",2009,7.403
"Bahamas, The",2010,7.409
"Bahamas, The",2012,7.786
"Bahamas, The",2013,8.02
"Bahamas, The",2014,8.287
"Bahamas, The",2015,0.0
Bahrain,2002,8.446
Bahrain,2003,9.734
Bahrain,2004,11.18
Bahrain,2005,13.378
Bahrain,2006,16.065
Bahrain,2007,17.505
Bahrain,2008,19.673
Bahrain,2009,19.361
Bahrain,2010,21.567
Bahrain,2012,24.231
Bahrain,2013,25.814
Bahrain,2014,27.165
Bahrain,2015,30.914
Bangladesh,2002,49.56
Bangladesh,2003,54.476
Bangladesh,2004,59.12
Bangladesh,2005,61.28
Bangladesh,2006,65.216
Bangladesh,2007,71.443
Bangladesh,2008,77.943
Bangladesh,2009,92.121
Bangladesh,2010,99.088
Bangladesh,2012,114.717
Bangladesh,2013,123.447
Bangladesh,2014,133.176
Bangladesh,2015,202.333
Barbados,2002,2.476
Barbados,2003,2.695
Barbados,2004,2.817
Barbados,2005,3.061
Barbados,2006,3.386
Barbados,2007,3.751
Barbados,2008,3.922
Barbados,2009,3.595
Barbados,2010,3.63
Barbados,2012,4.03
Barbados,2013,4.23
Barbados,2014,4.445
Barbados,2015,4.451
Belarus,2002,14.654
Belarus,2003,17.823
Belarus,2004,23.141
Belarus,2005,30.131
Belarus,2006,36.944
Belarus,2007,38.185
Belarus,2008,37.323
Belarus,2009,49.043
Belarus,2010,53.137
Belarus,2012,69.146
Belarus,2013,79.416
Belarus,2014,91.501
Belarus,2015,62.02
Belgium,2002,252.66
Belgium,2003,310.514
Belgium,2004,359.155
Belgium,2005,372.726
Belgium,2006,393.59
Belgium,2007,423.541
Belgium,2008,441.115
Belgium,2009,461.489
Belgium,2010,480.154
Belgium,2012,506.004
Belgium,2013,520.026
Belgium,2014,535.079
Belgium,2015,458.651
Belize,2002,0.932
Belize,2003,0.988
Belize,2004,1.055
Belize,2005,1.111
Belize,2006,1.213
Belize,2007,1.286
Belize,2008,1.362
Belize,2009,1.407
Belize,2010,1.471
Belize,2012,1.619
Belize,2013,1.701
Belize,2014,1.787
Belize,2015,1.763
Benin,2002,2.817
Benin,2003,3.565
Benin,2004,4.053
Benin,2005,4.406
Benin,2006,4.76
Benin,2007,5.377
Benin,2008,5.838
Benin,2009,6.401
Benin,2010,6.772
Benin,2012,8.007
Benin,2013,8.713
Benin,2014,9.483
Benin,2015,7.701
Bhutan,2002,0.545
Bhutan,2003,0.611
Bhutan,2004,0.709
Bhutan,2005,0.828
Bhutan,2006,0.983
Bhutan,2007,1.156
Bhutan,2008,1.29
Bhutan,2009,1.473
Bhutan,2010,1.563
Bhutan,2012,1.83
Bhutan,2013,1.999
Bhutan,2014,2.174
Bhutan,2015,2.209
Bolivia,2002,7.917
Bolivia,2003,8.102
Bolivia,2004,8.749
Bolivia,2005,9.358
Bolivia,2006,10.828
Bolivia,2007,11.91
Bolivia,2008,13.194
Bolivia,2009,17.549
Bolivia,2010,18.961
Bolivia,2012,21.809
Bolivia,2013,23.306
Bolivia,2014,24.925
Bolivia,2015,33.537
Bosnia and Herzegovina,2002,6.184
Bosnia and Herzegovina,2003,7.801
Bosnia and Herzegovina,2004,9.331
Bosnia and Herzegovina,2005,10.058
Bosnia and Herzegovina,2006,11.396
Bosnia and Herzegovina,2007,13.164
Bosnia and Herzegovina,2008,14.225
Bosnia and Herzegovina,2009,16.961
Bosnia and Herzegovina,2010,17.697
Bosnia and Herzegovina,2012,20.424
Bosnia and Herzegovina,2013,22.102
Bosnia and Herzegovina,2014,23.616
Bosnia and Herzegovina,2015,15.568
Botswana,2002,5.959
Botswana,2003,8.318
Botswana,2004,9.831
Botswana,2005,10.195
Botswana,2006,10.808
Botswana,2007,11.859
Botswana,2008,13.071
Botswana,2009,10.808
Botswana,2010,11.519
Botswana,2012,13.64
Botswana,2013,14.837
Botswana,2014,15.032
Botswana,2015,13.091
Brazil,2002,505.712
Brazil,2003,552.239
Brazil,2004,663.552
Brazil,2005,882.043
Brazil,2006,1067.71
Brazil,2007,1177.71
Brazil,2008,1251.63
Brazil,2009,1481.55
Brazil,2010,1724.35
Brazil,2012,1924.29
Brazil,2013,2036.24
Brazil,2014,2155.68
Brazil,2015,1799.61
Brunei Darussalam,2002,5.843
Brunei Darussalam,2003,6.557
Brunei Darussalam,2004,7.872
Brunei Darussalam,2005,9.531
Brunei Darussalam,2006,11.438
Brunei Darussalam,2007,12.032
Brunei Darussalam,2008,12.499
Brunei Darussalam,2009,14.695
Brunei Darussalam,2010,15.698
Brunei Darussalam,2012,16.632
Brunei Darussalam,2013,16.917
Brunei Darussalam,2014,17.039
Brunei Darussalam,2015,11.636
Bulgaria,2002,15.614
Bulgaria,2003,19.974
Bulgaria,2004,24.331
Bulgaria,2005,26.719
Bulgaria,2006,30.608
Bulgaria,2007,35.781
Bulgaria,2008,39.155
Bulgaria,2009,44.777
Bulgaria,2010,45.456
Bulgaria,2012,49.867
Bulgaria,2013,53.912
Bulgaria,2014,58.117
Bulgaria,2015,47.167
Burkina Faso,2002,3.301
Burkina Faso,2003,4.279
Burkina Faso,2004,5.114
Burkina Faso,2005,5.624
Burkina Faso,2006,6.055
Burkina Faso,2007,6.924
Burkina Faso,2008,7.563
Burkina Faso,2009,7.78
Burkina Faso,2010,8.308
Burkina Faso,2012,9.758
Burkina Faso,2013,10.545
Burkina Faso,2014,11.402
Burkina Faso,2015,11.323
Burundi,2002,0.628
Burundi,2003,0.595
Burundi,2004,0.664
Burundi,2005,0.801
Burundi,2006,0.908
Burundi,2007,0.999
Burundi,2008,1.102
Burundi,2009,1.41
Burundi,2010,1.437
Burundi,2012,1.607
Burundi,2013,1.714
Burundi,2014,1.835
Burundi,2015,2.97
Cambodia,2002,4.28
Cambodia,2003,4.585
Cambodia,2004,5.307
Cambodia,2005,6.233
Cambodia,2006,7.096
Cambodia,2007,7.961
Cambodia,2008,8.655
Cambodia,2009,10.901
Cambodia,2010,11.748
Cambodia,2012,14.434
Cambodia,2013,15.932
Cambodia,2014,17.458
Cambodia,2015,17.714
Cameroon,2002,10.888
Cameroon,2003,13.63
Cameroon,2004,15.784
Cameroon,2005,16.88
Cameroon,2006,18.372
Cameroon,2007,20.018
Cameroon,2008,21.383
Cameroon,2009,21.82
Cameroon,2010,23.556
Cameroon,2012,26.232
Cameroon,2013,27.73
Cameroon,2014,29.758
Cameroon,2015,28.524
Canada,2002,734.773
Canada,2003,868.485
Canada,2004,993.908
Canada,2005,1132.44
Canada,2006,1269.1
Canada,2007,1266.4
Canada,2008,1334.39
Canada,2009,1319.14
Canada,2010,1438.99
Canada,2012,1584.48
Canada,2013,1651.52
Canada,2014,1713.41
Canada,2015,1572.78
Cape Verde,2002,0.621
Cape Verde,2003,0.814
Cape Verde,2004,0.925
Cape Verde,2005,0.999
Cape Verde,2006,1.15
Cape Verde,2007,1.313
Cape Verde,2008,1.449
Cape Verde,2009,1.755
Cape Verde,2010,1.885
Cape Verde,2012,2.243
Cape Verde,2013,2.459
Cape Verde,2014,2.689
Cape Verde,2015,0.0
Central African Republic,2002,1.045
Central African Republic,2003,1.198
Central African Republic,2004,1.309
Central African Republic,2005,1.376
Central African Republic,2006,1.488
Central African Republic,2007,1.624
Central African Republic,2008,1.745
Central African Republic,2009,1.983
Central African Republic,2010,2.146
Central African Republic,2012,2.428
Central African Republic,2013,2.599
Central African Republic,2014,2.776
Central African Republic,2015,1.624
Chad,2002,1.995
Chad,2003,2.728
Chad,2004,4.421
Chad,2005,5.896
Chad,2006,6.547
Chad,2007,6.139
Chad,2008,6.396
Chad,2009,6.974
Chad,2010,8.241
Chad,2012,9.112
Chad,2013,9.046
Chad,2014,9.205
Chad,2015,11.688
Chile,2002,67.266
Chile,2003,73.991
Chile,2004,95.839
Chile,2005,118.985
Chile,2006,145.205
Chile,2007,149.647
Chile,2008,149.027
Chile,2009,150.361
Chile,2010,160.442
Chile,2012,169.244
Chile,2013,179.238
Chile,2014,183.909
Chile,2015,240.041
China,2002,1453.84
China,2003,1640.97
China,2004,1931.64
China,2005,2243.69
China,2006,2630.11
China,2007,3051.24
China,2008,3416.57
China,2009,4757.74
China,2010,5263.33
China,2012,6524.23
China,2013,7287.76
China,2014,8283.35
China,2015,11384.76
Colombia,2002,81.122
Colombia,2003,79.459
Colombia,2004,98.059
Colombia,2005,123.085
Colombia,2006,135.075
Colombia,2007,149.375
Colombia,2008,156.69
Colombia,2009,228.614
Colombia,2010,245.254
Colombia,2012,279.366
Colombia,2013,297.363
Colombia,2014,319.728
Colombia,2015,274.189
Comoros,2002,0.252
Comoros,2003,0.325
Comoros,2004,0.363
Comoros,2005,0.388
Comoros,2006,0.402
Comoros,2007,0.436
Comoros,2008,0.472
Comoros,2009,0.525
Comoros,2010,0.571
Comoros,2012,0.635
Comoros,2013,0.682
Comoros,2014,0.733
Comoros,2015,0.589
"Congo, Democratic Republic of",2002,5.539
"Congo, Democratic Republic of",2003,5.681
"Congo, Democratic Republic of",2004,6.539
"Congo, Democratic Republic of",2005,7.096
"Congo, Democratic Republic of",2006,8.543
"Congo, Democratic Republic of",2007,8.953
"Congo, Democratic Republic of",2008,9.954
"Congo, Democratic Republic of",2009,11.104
"Congo, Democratic Republic of",2010,12.304
"Congo, Democratic Republic of",2012,14.525
"Congo, Democratic Republic of",2013,15.975
"Congo, Democratic Republic of",2014,17.352
"Congo, Democratic Republic of",2015,0.0
"Congo, Republic of",2002,3.02
"Congo, Republic of",2003,3.571
"Congo, Republic of",2004,4.349
"Congo, Republic of",2005,5.981
"Congo, Republic of",2006,7.399
"Congo, Republic of",2007,6.06
"Congo, Republic of",2008,6.878
"Congo, Republic of",2009,8.632
"Congo, Republic of",2010,12.142
"Congo, Republic of",2012,13.186
"Congo, Republic of",2013,12.783
"Congo, Republic of",2014,12.671
"Congo, Republic of",2015,0.0
Costa Rica,2002,16.879
Costa Rica,2003,17.491
Costa Rica,2004,18.567
Costa Rica,2005,19.937
Costa Rica,2006,21.384
Costa Rica,2007,22.242
Costa Rica,2008,23.319
Costa Rica,2009,29.291
Costa Rica,2010,30.433
Costa Rica,2012,34.316
Costa Rica,2013,36.735
Costa Rica,2014,38.891
Costa Rica,2015,51.618
Croatia,2002,23.032
Croatia,2003,29.612
Croatia,2004,35.261
Croatia,2005,38.51
Croatia,2006,42.456
Croatia,2007,47.422
Croatia,2008,51.159
Croatia,2009,61.724
Croatia,2010,63.261
Croatia,2012,70.51
Croatia,2013,74.861
Croatia,2014,79.296
Croatia,2015,48.932
Cyprus,2002,10.543
Cyprus,2003,13.29
Cyprus,2004,15.789
Cyprus,2005,16.958
Cyprus,2006,18.235
Cyprus,2007,19.948
Cyprus,2008,21.279
Cyprus,2009,23.221
Cyprus,2010,24.306
Cyprus,2012,26.684
Cyprus,2013,28.066
Cyprus,2014,29.483
Cyprus,2015,19.383
Czech Republic,2002,75.276
Czech Republic,2003,91.358
Czech Republic,2004,108.214
Czech Republic,2005,123.981
Czech Republic,2006,141.801
Czech Republic,2007,160.448
Czech Republic,2008,172.504
Czech Republic,2009,189.669
Czech Republic,2010,201.333
Czech Republic,2012,229.512
Czech Republic,2013,245.565
Czech Republic,2014,264.418
Czech Republic,2015,182.462
Côte d'Ivoire,2002,11.527
Côte d'Ivoire,2003,13.764
Côte d'Ivoire,2004,15.501
Côte d'Ivoire,2005,16.373
Côte d'Ivoire,2006,17.339
Côte d'Ivoire,2007,18.658
Côte d'Ivoire,2008,20.225
Côte d'Ivoire,2009,22.909
Côte d'Ivoire,2010,24.747
Côte d'Ivoire,2012,28.002
Côte d'Ivoire,2013,30.172
Côte d'Ivoire,2014,32.546
Côte d'Ivoire,2015,31.27
Denmark,2002,174.42
Denmark,2003,212.981
Denmark,2004,243.85
Denmark,2005,259.217
Denmark,2006,276.611
Denmark,2007,302.56
Denmark,2008,316.164
Denmark,2009,308.323
Denmark,2010,326.639
Denmark,2012,354.901
Denmark,2013,370.892
Denmark,2014,383.979
Denmark,2015,291.043
Djibouti,2002,0.596
Djibouti,2003,0.628
Djibouti,2004,0.666
Djibouti,2005,0.709
Djibouti,2006,0.768
Djibouti,2007,0.835
Djibouti,2008,0.914
Djibouti,2009,1.089
Djibouti,2010,1.205
Djibouti,2012,1.466
Djibouti,2013,1.612
Djibouti,2014,1.779
Djibouti,2015,1.743
Dominica,2002,0.253
Dominica,2003,0.258
Dominica,2004,0.272
Dominica,2005,0.285
Dominica,2006,0.3
Dominica,2007,0.313
Dominica,2008,0.327
Dominica,2009,0.376
Dominica,2010,0.389
Dominica,2012,0.425
Dominica,2013,0.445
Dominica,2014,0.465
Dominica,2015,0.538
Dominican Republic,2002,21.625
Dominican Republic,2003,16.459
Dominican Republic,2004,18.435
Dominican Republic,2005,29.092
Dominican Republic,2006,31.6
Dominican Republic,2007,33.119
Dominican Republic,2008,33.843
Dominican Republic,2009,44.716
Dominican Republic,2010,45.219
Dominican Republic,2012,51.474
Dominican Republic,2013,54.91
Dominican Republic,2014,58.575
Dominican Republic,2015,66.575
Ecuador,2002,24.899
Ecuador,2003,28.636
Ecuador,2004,32.636
Ecuador,2005,36.489
Ecuador,2006,40.447
Ecuador,2007,42.292
Ecuador,2008,44.962
Ecuador,2009,55.613
Ecuador,2010,59.618
Ecuador,2012,65.757
Ecuador,2013,69.463
Ecuador,2014,73.444
Ecuador,2015,98.925
Egypt,2002,87.506
Egypt,2003,81.384
Egypt,2004,78.802
Egypt,2005,89.794
Egypt,2006,107.375
Egypt,2007,129.125
Egypt,2008,140.157
Egypt,2009,187.956
Egypt,2010,208.458
Egypt,2012,250.911
Egypt,2013,274.795
Egypt,2014,299.121
Egypt,2015,0.0
El Salvador,2002,14.307
El Salvador,2003,15.047
El Salvador,2004,15.822
El Salvador,2005,16.974
El Salvador,2006,18.341
El Salvador,2007,19.647
El Salvador,2008,21.046
El Salvador,2009,22.166
El Salvador,2010,22.941
El Salvador,2012,25.348
El Salvador,2013,27.206
El Salvador,2014,29.167
El Salvador,2015,25.652
Equatorial Guinea,2002,2.209
Equatorial Guinea,2003,2.99
Equatorial Guinea,2004,4.85
Equatorial Guinea,2005,7.477
Equatorial Guinea,2006,9.135
Equatorial Guinea,2007,8.473
Equatorial Guinea,2008,9.836
Equatorial Guinea,2009,11.175
Equatorial Guinea,2010,12.84
Equatorial Guinea,2012,15.172
Equatorial Guinea,2013,15.161
Equatorial Guinea,2014,14.881
Equatorial Guinea,2015,10.025
Eritrea,2002,0.635
Eritrea,2003,0.585
Eritrea,2004,0.635
Eritrea,2005,0.961
Eritrea,2006,1.16
Eritrea,2007,1.425
Eritrea,2008,1.818
Eritrea,2009,1.694
Eritrea,2010,1.965
Eritrea,2012,2.677
Eritrea,2013,3.124
Eritrea,2014,3.663
Eritrea,2015,4.256
Estonia,2002,7.306
Estonia,2003,9.592
Estonia,2004,11.646
Estonia,2005,13.753
Estonia,2006,16.41
Estonia,2007,19.573
Estonia,2008,21.925
Estonia,2009,18.045
Estonia,2010,17.473
Estonia,2012,18.62
Estonia,2013,19.803
Estonia,2014,21.09
Estonia,2015,22.934
Ethiopia,2002,7.428
Ethiopia,2003,8.03
Ethiopia,2004,9.485
Ethiopia,2005,11.373
Ethiopia,2006,13.315
Ethiopia,2007,15.646
Ethiopia,2008,17.311
Ethiopia,2009,33.92
Ethiopia,2010,33.144
Ethiopia,2012,35.509
Ethiopia,2013,37.891
Ethiopia,2014,40.432
Ethiopia,2015,63.022
Fiji,2002,1.811
Fiji,2003,2.239
Fiji,2004,2.627
Fiji,2005,2.816
Fiji,2006,2.977
Fiji,2007,3.154
Fiji,2008,3.301
Fiji,2009,3.048
Fiji,2010,3.063
Fiji,2012,3.336
Fiji,2013,3.504
Fiji,2014,3.683
Fiji,2015,4.526
Finland,2002,135.972
Finland,2003,165.031
Finland,2004,189.411
Finland,2005,195.785
Finland,2006,210.837
Finland,2007,225.434
Finland,2008,235.106
Finland,2009,242.328
Finland,2010,252.911
Finland,2012,271.393
Finland,2013,281.948
Finland,2014,293.345
Finland,2015,230.685
France,2002,1463.9
France,2003,1804.99
France,2004,2059.71
France,2005,2127.17
France,2006,2231.63
France,2007,2401.44
France,2008,2512.69
France,2009,2634.82
France,2010,2745.49
France,2012,2907.44
France,2013,2998.97
France,2014,3089.18
France,2015,2422.65
Gabon,2002,4.97
Gabon,2003,6.08
Gabon,2004,7.188
Gabon,2005,8.681
Gabon,2006,9.124
Gabon,2007,9.337
Gabon,2008,9.776
Gabon,2009,10.936
Gabon,2010,12.906
Gabon,2012,14.042
Gabon,2013,14.209
Gabon,2014,14.693
Gabon,2015,13.8
"Gambia, The",2002,0.37
"Gambia, The",2003,0.353
"Gambia, The",2004,0.401
"Gambia, The",2005,0.461
"Gambia, The",2006,0.507
"Gambia, The",2007,0.557
"Gambia, The",2008,0.606
"Gambia, The",2009,0.726
"Gambia, The",2010,0.76
"Gambia, The",2012,0.835
"Gambia, The",2013,0.882
"Gambia, The",2014,0.944
"Gambia, The",2015,0.0
Georgia,2002,3.395
Georgia,2003,3.992
Georgia,2004,5.111
Georgia,2005,6.393
Georgia,2006,7.83
Georgia,2007,9.279
Georgia,2008,10.52
Georgia,2009,10.981
Georgia,2010,10.761
Georgia,2012,12.291
Georgia,2013,13.293
Georgia,2014,14.377
Georgia,2015,13.753
Germany,2002,2024.06
Germany,2003,2444.28
Germany,2004,2744.22
Germany,2005,2791.74
Germany,2006,2897.03
Germany,2007,3080.55
Germany,2008,3184.13
Germany,2009,3235.46
Germany,2010,3325.76
Germany,2012,3397.87
Germany,2013,3443.06
Germany,2014,3485.9
Germany,2015,3371.0
Ghana,2002,6.16
Ghana,2003,7.624
Ghana,2004,8.872
Ghana,2005,10.72
Ghana,2006,12.894
Ghana,2007,14.988
Ghana,2008,16.872
Ghana,2009,14.761
Ghana,2010,15.302
Ghana,2012,19.88
Ghana,2013,21.199
Ghana,2014,22.631
Ghana,2015,37.679
Greece,2002,170.943
Greece,2003,222.323
Greece,2004,264.493
Greece,2005,284.226
Greece,2006,307.709
Greece,2007,341.826
Greece,2008,367.052
Greece,2009,338.25
Greece,2010,352.51
Greece,2012,367.41
Greece,2013,377.199
Greece,2014,387.042
Greece,2015,192.98
Grenada,2002,0.408
Grenada,2003,0.444
Grenada,2004,0.426
Grenada,2005,0.504
Grenada,2006,0.529
Grenada,2007,0.571
Grenada,2008,0.617
Grenada,2009,0.683
Grenada,2010,0.709
Grenada,2012,0.762
Grenada,2013,0.799
Grenada,2014,0.844
Grenada,2015,0.957
Guatemala,2002,23.309
Guatemala,2003,24.898
Guatemala,2004,27.27
Guatemala,2005,31.789
Guatemala,2006,35.304
Guatemala,2007,37.922
Guatemala,2008,40.635
Guatemala,2009,36.471
Guatemala,2010,36.531
Guatemala,2012,39.017
Guatemala,2013,40.468
Guatemala,2014,41.885
Guatemala,2015,63.218
Guinea,2002,3.21
Guinea,2003,3.624
Guinea,2004,3.97
Guinea,2005,3.331
Guinea,2006,3.317
Guinea,2007,3.597
Guinea,2008,3.759
Guinea,2009,4.436
Guinea,2010,4.547
Guinea,2012,5.378
Guinea,2013,5.868
Guinea,2014,6.377
Guinea,2015,6.733
Guinea-Bissau,2002,0.204
Guinea-Bissau,2003,0.236
Guinea-Bissau,2004,0.27
Guinea-Bissau,2005,0.302
Guinea-Bissau,2006,0.305
Guinea-Bissau,2007,0.342
Guinea-Bissau,2008,0.362
Guinea-Bissau,2009,0.438
Guinea-Bissau,2010,0.464
Guinea-Bissau,2012,0.515
Guinea-Bissau,2013,0.546
Guinea-Bissau,2014,0.578
Guinea-Bissau,2015,1.035
Guyana,2002,0.723
Guyana,2003,0.745
Guyana,2004,0.786
Guyana,2005,0.818
Guyana,2006,0.87
Guyana,2007,0.934
Guyana,2008,0.994
Guyana,2009,1.196
Guyana,2010,1.267
Guyana,2012,1.456
Guyana,2013,1.558
Guyana,2014,1.658
Guyana,2015,3.203
Haiti,2002,3.097
Haiti,2003,2.684
Haiti,2004,3.531
Haiti,2005,3.983
Haiti,2006,4.473
Haiti,2007,5.091
Haiti,2008,5.633
Haiti,2009,6.908
Haiti,2010,7.277
Haiti,2012,7.943
Haiti,2013,8.256
Haiti,2014,8.669
Haiti,2015,8.797
Honduras,2002,6.502
Honduras,2003,6.86
Honduras,2004,7.454
Honduras,2005,8.294
Honduras,2006,8.981
Honduras,2007,9.859
Honduras,2008,10.589
Honduras,2009,14.581
Honduras,2010,15.757
Honduras,2012,18.151
Honduras,2013,19.873
Honduras,2014,21.707
Honduras,2015,19.941
Hong Kong SAR,2002,163.709
Hong Kong SAR,2003,158.473
Hong Kong SAR,2004,165.823
Hong Kong SAR,2005,177.784
Hong Kong SAR,2006,189.538
Hong Kong SAR,2007,201.797
Hong Kong SAR,2008,213.915
Hong Kong SAR,2009,208.847
Hong Kong SAR,2010,220.828
Hong Kong SAR,2012,243.899
Hong Kong SAR,2013,257.357
Hong Kong SAR,2014,271.4
Hong Kong SAR,2015,307.79
Hungary,2002,66.71
Hungary,2003,84.419
Hungary,2004,102.159
Hungary,2005,111.568
Hungary,2006,114.273
Hungary,2007,125.024
Hungary,2008,131.546
Hungary,2009,124.241
Hungary,2010,132.384
Hungary,2012,149.0
Hungary,2013,157.976
Hungary,2014,166.299
Hungary,2015,118.49
Iceland,2002,8.825
Iceland,2003,10.838
Iceland,2004,13.063
Iceland,2005,16.081
Iceland,2006,16.579
Iceland,2007,17.718
Iceland,2008,17.795
Iceland,2009,11.781
Iceland,2010,11.658
Iceland,2012,11.864
Iceland,2013,12.135
Iceland,2014,12.527
Iceland,2015,16.738
India,2002,494.848
India,2003,576.547
India,2004,667.342
India,2005,780.784
India,2006,886.867
India,2007,984.21
India,2008,1079.9
India,2009,1242.64
India,2010,1339.49
India,2012,1583.43
India,2013,1740.41
India,2014,1908.33
India,2015,2182.58
Indonesia,2002,195.593
Indonesia,2003,234.834
Indonesia,2004,257.005
Indonesia,2005,286.957
Indonesia,2006,364.239
Indonesia,2007,407.521
Indonesia,2008,444.29
Indonesia,2009,514.931
Indonesia,2010,568.589
Indonesia,2012,661.113
Indonesia,2013,716.887
Indonesia,2014,777.89
Indonesia,2015,872.615
"Iran, Islamic Republic of",2002,116.421
"Iran, Islamic Republic of",2003,133.969
"Iran, Islamic Republic of",2004,161.261
"Iran, Islamic Republic of",2005,188.479
"Iran, Islamic Republic of",2006,212.492
"Iran, Islamic Republic of",2007,225.929
"Iran, Islamic Republic of",2008,241.006
"Iran, Islamic Republic of",2009,331.757
"Iran, Islamic Republic of",2010,358.878
"Iran, Islamic Republic of",2012,403.811
"Iran, Islamic Republic of",2013,427.594
"Iran, Islamic Republic of",2014,454.918
"Iran, Islamic Republic of",2015,0.0
Ireland,2002,122.724
Ireland,2003,157.119
Ireland,2004,183.473
Ireland,2005,200.769
Ireland,2006,222.08
Ireland,2007,250.237
Ireland,2008,266.997
Ireland,2009,226.771
Ireland,2010,226.32
Ireland,2012,232.09
Ireland,2013,237.912
Ireland,2014,243.05
Ireland,2015,227.498
Israel,2002,109.382
Israel,2003,115.26
Israel,2004,122.503
Israel,2005,129.841
Israel,2006,140.195
Israel,2007,149.046
Israel,2008,158.397
Israel,2009,215.727
Israel,2010,222.898
Israel,2012,244.806
Israel,2013,257.14
Israel,2014,270.446
Israel,2015,298.866
Italy,2002,1223.24
Italy,2003,1510.06
Italy,2004,1728.86
Italy,2005,1772.77
Italy,2006,1852.59
Italy,2007,1993.72
Italy,2008,2075.93
Italy,2009,2089.56
Italy,2010,2172.44
Italy,2012,2246.55
Italy,2013,2296.21
Italy,2014,2355.35
Italy,2015,1819.05
Jamaica,2002,8.08
Jamaica,2003,7.814
Jamaica,2004,8.801
Jamaica,2005,9.398
Jamaica,2006,10.565
Jamaica,2007,11.013
Jamaica,2008,11.443
Jamaica,2009,11.923
Jamaica,2010,12.363
Jamaica,2012,13.297
Jamaica,2013,13.873
Jamaica,2014,14.694
Jamaica,2015,13.823
Japan,2002,3925.11
Japan,2003,4234.92
Japan,2004,4608.14
Japan,2005,4557.12
Japan,2006,4367.46
Japan,2007,4302.09
Japan,2008,4453.39
Japan,2009,5048.63
Japan,2010,5187.46
Japan,2012,5410.7
Japan,2013,5591.43
Japan,2014,5791.63
Japan,2015,4116.24
Jordan,2002,9.582
Jordan,2003,10.196
Jordan,2004,11.398
Jordan,2005,12.712
Jordan,2006,14.318
Jordan,2007,16.035
Jordan,2008,17.589
Jordan,2009,22.556
Jordan,2010,24.405
Jordan,2012,28.802
Jordan,2013,31.028
Jordan,2014,33.304
Jordan,2015,38.21
Kazakhstan,2002,24.599
Kazakhstan,2003,30.86
Kazakhstan,2004,43.152
Kazakhstan,2005,57.124
Kazakhstan,2006,77.237
Kazakhstan,2007,91.61
Kazakhstan,2008,108.171
Kazakhstan,2009,107.038
Kazakhstan,2010,120.75
Kazakhstan,2012,154.444
Kazakhstan,2013,173.084
Kazakhstan,2014,199.333
Kazakhstan,2015,195.005
Kenya,2002,13.191
Kenya,2003,15.036
Kenya,2004,16.199
Kenya,2005,18.73
Kenya,2006,23.187
Kenya,2007,26.404
Kenya,2008,29.288
Kenya,2009,30.212
Kenya,2010,34.466
Kenya,2012,45.226
Kenya,2013,49.787
Kenya,2014,55.078
Kenya,2015,63.121
Kiribati,2002,0.049
Kiribati,2003,0.058
Kiribati,2004,0.058
Kiribati,2005,0.056
Kiribati,2006,0.06
Kiribati,2007,0.062
Kiribati,2008,0.063
Kiribati,2009,0.114
Kiribati,2010,0.116
Kiribati,2012,0.122
Kiribati,2013,0.126
Kiribati,2014,0.129
Kiribati,2015,0.164
Korea,2002,547.856
Korea,2003,608.337
Korea,2004,681.227
Korea,2005,791.572
Korea,2006,888.267
Korea,2007,942.975
Korea,2008,1000.53
Korea,2009,800.294
Korea,2010,855.384
Korea,2012,1005.74
Korea,2013,1087.25
Korea,2014,1167.69
Korea,2015,1392.95
Kuwait,2002,38.14
Kuwait,2003,47.835
Kuwait,2004,59.268
Kuwait,2005,80.78
Kuwait,2006,96.132
Kuwait,2007,95.408
Kuwait,2008,103.678
Kuwait,2009,114.878
Kuwait,2010,135.367
Kuwait,2012,154.047
Kuwait,2013,164.479
Kuwait,2014,174.939
Kuwait,2015,123.228
Kyrgyz Republic,2002,1.606
Kyrgyz Republic,2003,1.919
Kyrgyz Republic,2004,2.215
Kyrgyz Republic,2005,2.46
Kyrgyz Republic,2006,2.822
Kyrgyz Republic,2007,3.287
Kyrgyz Republic,2008,3.646
Kyrgyz Republic,2009,4.681
Kyrgyz Republic,2010,4.779
Kyrgyz Republic,2012,5.54
Kyrgyz Republic,2013,5.899
Kyrgyz Republic,2014,6.323
Kyrgyz Republic,2015,7.158
Lao People's Democratic Republic,2002,1.83
Lao People's Democratic Republic,2003,2.149
Lao People's Democratic Republic,2004,2.508
Lao People's Democratic Republic,2005,2.887
Lao People's Democratic Republic,2006,3.437
Lao People's Democratic Republic,2007,3.998
Lao People's Democratic Republic,2008,4.448
Lao People's Democratic Republic,2009,5.721
Lao People's Democratic Republic,2010,6.053
Lao People's Democratic Republic,2012,7.069
Lao People's Democratic Republic,2013,7.688
Lao People's Democratic Republic,2014,8.374
Lao People's Democratic Republic,2015,0.0
Latvia,2002,9.315
Latvia,2003,11.186
Latvia,2004,13.737
Latvia,2005,15.826
Latvia,2006,19.621
Latvia,2007,24.127
Latvia,2008,27.79
Latvia,2009,24.198
Latvia,2010,22.145
Latvia,2012,23.233
Latvia,2013,24.461
Latvia,2014,25.732
Latvia,2015,27.822
Lebanon,2002,18.717
Lebanon,2003,19.802
Lebanon,2004,21.369
Lebanon,2005,21.428
Lebanon,2006,22.622
Lebanon,2007,23.646
Lebanon,2008,24.964
Lebanon,2009,32.66
Lebanon,2010,35.214
Lebanon,2012,40.474
Lebanon,2013,43.163
Lebanon,2014,45.994
Lebanon,2015,54.395
Lesotho,2002,0.759
Lesotho,2003,1.118
Lesotho,2004,1.392
Lesotho,2005,1.491
Lesotho,2006,1.634
Lesotho,2007,1.746
Lesotho,2008,1.902
Lesotho,2009,1.624
Lesotho,2010,1.695
Lesotho,2012,1.842
Lesotho,2013,1.92
Lesotho,2014,1.999
Lesotho,2015,2.035
Liberia,2002,0.543
Liberia,2003,0.41
Liberia,2004,0.46
Liberia,2005,0.529
Liberia,2006,0.622
Liberia,2007,0.663
Liberia,2008,0.72
Liberia,2009,0.868
Liberia,2010,0.914
Liberia,2012,1.194
Liberia,2013,1.413
Liberia,2014,1.665
Liberia,2015,2.015
Libya,2002,19.832
Libya,2003,24.015
Libya,2004,30.475
Libya,2005,41.685
Libya,2006,50.33
Libya,2007,60.751
Libya,2008,71.787
Libya,2009,60.609
Libya,2010,74.68
Libya,2012,90.605
Libya,2013,99.912
Libya,2014,109.604
Libya,2015,29.721
Lithuania,2002,14.134
Lithuania,2003,18.558
Lithuania,2004,22.508
Lithuania,2005,25.667
Lithuania,2006,29.784
Lithuania,2007,35.37
Lithuania,2008,39.172
Lithuania,2009,35.964
Lithuania,2010,34.884
Lithuania,2012,37.627
Lithuania,2013,39.406
Lithuania,2014,41.173
Lithuania,2015,41.776
Luxembourg,2002,22.743
Luxembourg,2003,28.957
Luxembourg,2004,33.564
Luxembourg,2005,36.621
Luxembourg,2006,40.577
Luxembourg,2007,45.751
Luxembourg,2008,48.976
Luxembourg,2009,46.513
Luxembourg,2010,47.035
Luxembourg,2012,51.197
Luxembourg,2013,53.59
Luxembourg,2014,56.04
Luxembourg,2015,57.929
"Macedonia, Former Yugoslav Republic of",2002,3.769
"Macedonia, Former Yugoslav Republic of",2003,4.631
"Macedonia, Former Yugoslav Republic of",2004,5.377
"Macedonia, Former Yugoslav Republic of",2005,5.775
"Macedonia, Former Yugoslav Republic of",2006,6.248
"Macedonia, Former Yugoslav Republic of",2007,7.02
"Macedonia, Former Yugoslav Republic of",2008,7.548
"Macedonia, Former Yugoslav Republic of",2009,8.825
"Macedonia, Former Yugoslav Republic of",2010,9.3
"Macedonia, Former Yugoslav Republic of",2012,10.946
"Macedonia, Former Yugoslav Republic of",2013,11.74
"Macedonia, Former Yugoslav Republic of",2014,12.566
"Macedonia, Former Yugoslav Republic of",2015,0.0
Madagascar,2002,4.557
Madagascar,2003,5.464
Madagascar,2004,4.359
Madagascar,2005,5.034
Madagascar,2006,5.489
Madagascar,2007,6.193
Madagascar,2008,6.581
Madagascar,2009,8.974
Madagascar,2010,9.039
Madagascar,2012,10.384
Madagascar,2013,11.477
Madagascar,2014,12.692
Madagascar,2015,9.514
Malawi,2002,1.935
Malawi,2003,1.765
Malawi,2004,1.903
Malawi,2005,2.076
Malawi,2006,2.238
Malawi,2007,2.4
Malawi,2008,2.573
Malawi,2009,4.909
Malawi,2010,5.555
Malawi,2012,7.156
Malawi,2013,8.296
Malawi,2014,9.679
Malawi,2015,6.388
Malaysia,2002,95.266
Malaysia,2003,103.992
Malaysia,2004,118.461
Malaysia,2005,130.835
Malaysia,2006,150.923
Malaysia,2007,160.563
Malaysia,2008,171.829
Malaysia,2009,207.35
Malaysia,2010,216.181
Malaysia,2012,248.835
Malaysia,2013,270.36
Malaysia,2014,293.746
Malaysia,2015,313.479
Maldives,2002,0.641
Maldives,2003,0.692
Maldives,2004,0.806
Maldives,2005,0.795
Maldives,2006,0.988
Maldives,2007,1.089
Maldives,2008,1.189
Maldives,2009,1.343
Maldives,2010,1.444
Maldives,2012,1.666
Maldives,2013,1.784
Maldives,2014,1.914
Maldives,2015,3.031
Mali,2002,3.343
Mali,2003,4.429
Mali,2004,4.944
Mali,2005,5.412
Mali,2006,6.191
Mali,2007,6.836
Mali,2008,7.36
Mali,2009,8.757
Mali,2010,9.557
Mali,2012,10.853
Mali,2013,11.541
Mali,2014,12.333
Mali,2015,10.954
Malta,2002,3.882
Malta,2003,4.92
Malta,2004,5.428
Malta,2005,5.667
Malta,2006,6.085
Malta,2007,6.195
Malta,2008,6.53
Malta,2009,7.714
Malta,2010,8.103
Malta,2012,8.85
Malta,2013,9.254
Malta,2014,9.668
Malta,2015,9.19
Mauritania,2002,1.15
Mauritania,2003,1.285
Mauritania,2004,1.495
Mauritania,2005,1.857
Mauritania,2006,2.663
Mauritania,2007,2.644
Mauritania,2008,2.858
Mauritania,2009,3.241
Mauritania,2010,3.445
Mauritania,2012,4.949
Mauritania,2013,5.582
Mauritania,2014,6.045
Mauritania,2015,4.677
Mauritius,2002,4.515
Mauritius,2003,5.159
Mauritius,2004,5.93
Mauritius,2005,6.206
Mauritius,2006,6.402
Mauritius,2007,7.021
Mauritius,2008,7.42
Mauritius,2009,9.156
Mauritius,2010,8.952
Mauritius,2012,10.146
Mauritius,2013,10.847
Mauritius,2014,11.629
Mauritius,2015,11.567
Mexico,2002,648.629
Mexico,2003,638.745
Mexico,2004,683.486
Mexico,2005,767.69
Mexico,2006,840.012
Mexico,2007,897.315
Mexico,2008,951.733
Mexico,2009,866.336
Mexico,2010,952.575
Mexico,2012,1097.85
Mexico,2013,1186.61
Mexico,2014,1273.56
Mexico,2015,1161.48
Moldova,2002,1.662
Moldova,2003,1.981
Moldova,2004,2.598
Moldova,2005,2.988
Moldova,2006,3.242
Moldova,2007,3.571
Moldova,2008,3.945
Moldova,2009,5.328
Moldova,2010,4.748
Moldova,2012,5.3
Moldova,2013,5.634
Moldova,2014,6.052
Moldova,2015,6.188
Mongolia,2002,1.121
Mongolia,2003,1.285
Mongolia,2004,1.625
Mongolia,2005,2.094
Mongolia,2006,2.803
Mongolia,2007,3.183
Mongolia,2008,3.32
Mongolia,2009,4.212
Mongolia,2010,4.355
Mongolia,2012,5.775
Mongolia,2013,7.516
Mongolia,2014,7.595
Mongolia,2015,12.409
Morocco,2002,36.093
Morocco,2003,43.813
Morocco,2004,50.031
Morocco,2005,51.621
Morocco,2006,57.407
Morocco,2007,62.311
Morocco,2008,67.493
Morocco,2009,90.775
Morocco,2010,98.308
Morocco,2012,112.455
Morocco,2013,120.288
Morocco,2014,128.427
Morocco,2015,103.075
Mozambique,2002,4.094
Mozambique,2003,4.789
Mozambique,2004,5.913
Mozambique,2005,6.636
Mozambique,2006,7.296
Mozambique,2007,7.839
Mozambique,2008,8.366
Mozambique,2009,9.654
Mozambique,2010,9.605
Mozambique,2012,11.186
Mozambique,2013,12.031
Mozambique,2014,12.755
Mozambique,2015,16.985
Myanmar,2002,6.778
Myanmar,2003,10.467
Myanmar,2004,10.786
Myanmar,2005,12.151
Myanmar,2006,13.002
Myanmar,2007,13.713
Myanmar,2008,14.263
Myanmar,2009,26.523
Myanmar,2010,27.856
Myanmar,2012,30.733
Myanmar,2013,32.286
Myanmar,2014,33.92
Myanmar,2015,65.775
Namibia,2002,3.128
Namibia,2003,4.474
Namibia,2004,5.61
Namibia,2005,6.061
Namibia,2006,6.316
Namibia,2007,6.72
Namibia,2008,7.272
Namibia,2009,9.039
Namibia,2010,9.251
Namibia,2012,9.865
Namibia,2013,10.138
Namibia,2014,10.414
Namibia,2015,12.855
Nepal,2002,5.568
Nepal,2003,5.873
Nepal,2004,6.757
Nepal,2005,7.515
Nepal,2006,7.994
Nepal,2007,8.617
Nepal,2008,9.366
Nepal,2009,13.14
Nepal,2010,15.266
Nepal,2012,19.097
Nepal,2013,20.855
Nepal,2014,22.757
Nepal,2015,21.356
Netherlands,2002,439.357
Netherlands,2003,539.343
Netherlands,2004,609.038
Netherlands,2005,629.911
Netherlands,2006,663.119
Netherlands,2007,720.94
Netherlands,2008,759.491
Netherlands,2009,789.675
Netherlands,2010,823.64
Netherlands,2012,854.871
Netherlands,2013,876.58
Netherlands,2014,902.03
Netherlands,2015,750.782
New Zealand,2002,59.901
New Zealand,2003,79.343
New Zealand,2004,97.646
New Zealand,2005,108.417
New Zealand,2006,103.38
New Zealand,2007,114.331
New Zealand,2008,118.611
New Zealand,2009,109.563
New Zealand,2010,117.659
New Zealand,2012,123.024
New Zealand,2013,126.316
New Zealand,2014,129.843
New Zealand,2015,170.59
Nicaragua,2002,4.025
Nicaragua,2003,4.1
Nicaragua,2004,4.496
Nicaragua,2005,4.91
Nicaragua,2006,5.369
Nicaragua,2007,5.689
Nicaragua,2008,6.067
Nicaragua,2009,6.298
Nicaragua,2010,6.363
Nicaragua,2012,6.589
Nicaragua,2013,6.851
Nicaragua,2014,7.125
Nicaragua,2015,12.321
Niger,2002,2.177
Niger,2003,2.736
Niger,2004,2.948
Niger,2005,3.403
Niger,2006,3.55
Niger,2007,3.974
Niger,2008,4.285
Niger,2009,5.323
Niger,2010,5.876
Niger,2012,7.099
Niger,2013,7.565
Niger,2014,8.076
Niger,2015,7.119
Nigeria,2002,46.09
Nigeria,2003,57.564
Nigeria,2004,71.533
Nigeria,2005,98.564
Nigeria,2006,115.35
Nigeria,2007,127.088
Nigeria,2008,146.5
Nigeria,2009,165.437
Nigeria,2010,185.835
Nigeria,2012,215.126
Nigeria,2013,232.736
Nigeria,2014,251.306
Nigeria,2015,492.986
Norway,2002,193.175
Norway,2003,225.307
Norway,2004,258.986
Norway,2005,301.735
Norway,2006,335.281
Norway,2007,349.165
Norway,2008,365.775
Norway,2009,368.962
Norway,2010,404.213
Norway,2012,428.127
Norway,2013,441.282
Norway,2014,454.533
Norway,2015,397.59
Oman,2002,20.325
Oman,2003,21.784
Oman,2004,24.749
Oman,2005,30.835
Oman,2006,35.992
Oman,2007,38.345
Oman,2008,42.436
Oman,2009,52.335
Oman,2010,59.657
Oman,2012,67.539
Oman,2013,71.594
Oman,2014,76.1
Oman,2015,60.179
Pakistan,2002,71.854
Pakistan,2003,82.592
Pakistan,2004,98.094
Pakistan,2005,110.97
Pakistan,2006,128.996
Pakistan,2007,141.378
Pakistan,2008,154.677
Pakistan,2009,166.513
Pakistan,2010,178.723
Pakistan,2012,194.27
Pakistan,2013,205.926
Pakistan,2014,219.322
Pakistan,2015,270.961
Panama,2002,12.272
Panama,2003,12.933
Panama,2004,14.179
Panama,2005,15.483
Panama,2006,17.113
Panama,2007,18.627
Panama,2008,20.474
Panama,2009,24.754
Panama,2010,26.452
Panama,2012,31.968
Panama,2013,35.293
Panama,2014,38.809
Panama,2015,47.473
Papua New Guinea,2002,2.902
Papua New Guinea,2003,3.503
Papua New Guinea,2004,3.514
Papua New Guinea,2005,4.011
Papua New Guinea,2006,4.338
Papua New Guinea,2007,4.326
Papua New Guinea,2008,4.304
Papua New Guinea,2009,8.2
Papua New Guinea,2010,8.389
Papua New Guinea,2012,8.822
Papua New Guinea,2013,9.077
Papua New Guinea,2014,9.077
Papua New Guinea,2015,17.995
Paraguay,2002,5.091
Paraguay,2003,5.552
Paraguay,2004,6.95
Paraguay,2005,7.473
Paraguay,2006,8.773
Paraguay,2007,9.206
Paraguay,2008,9.735
Paraguay,2009,13.611
Paraguay,2010,14.284
Paraguay,2012,15.939
Paraguay,2013,17.257
Paraguay,2014,18.788
Paraguay,2015,29.065
Peru,2002,57.04
Peru,2003,61.49
Peru,2004,69.663
Peru,2005,79.394
Peru,2006,93.268
Peru,2007,100.596
Peru,2008,107.656
Peru,2009,127.368
Peru,2010,139.502
Peru,2012,142.051
Peru,2013,152.802
Peru,2014,164.355
Peru,2015,179.911
Philippines,2002,76.814
Philippines,2003,79.634
Philippines,2004,86.703
Philippines,2005,98.371
Philippines,2006,116.931
Philippines,2007,133.319
Philippines,2008,143.923
Philippines,2009,158.702
Philippines,2010,171.078
Philippines,2012,190.014
Philippines,2013,200.928
Philippines,2014,212.469
Philippines,2015,299.314
Poland,2002,198.029
Poland,2003,216.545
Poland,2004,252.668
Poland,2005,303.161
Poland,2006,338.689
Poland,2007,364.834
Poland,2008,390.679
Poland,2009,422.965
Poland,2010,432.254
Poland,2012,476.825
Poland,2013,504.989
Poland,2014,535.655
Poland,2015,481.235
Portugal,2002,127.906
Portugal,2003,156.712
Portugal,2004,179.377
Portugal,2005,185.644
Portugal,2006,194.989
Portugal,2007,211.718
Portugal,2008,222.401
Portugal,2009,219.844
Portugal,2010,228.58
Portugal,2012,236.978
Portugal,2013,242.136
Portugal,2014,246.824
Portugal,2015,197.51
Qatar,2002,19.363
Qatar,2003,23.534
Qatar,2004,31.734
Qatar,2005,42.463
Qatar,2006,52.722
Qatar,2007,57.294
Qatar,2008,69.051
Qatar,2009,92.541
Qatar,2010,128.181
Qatar,2012,161.313
Qatar,2013,170.858
Qatar,2014,178.953
Qatar,2015,192.077
Romania,2002,45.825
Romania,2003,59.506
Romania,2004,75.487
Romania,2005,98.566
Romania,2006,121.901
Romania,2007,157.647
Romania,2008,184.456
Romania,2009,160.674
Romania,2010,166.01
Romania,2012,211.43
Romania,2013,243.392
Romania,2014,274.083
Romania,2015,174.922
Russia,2002,345.486
Russia,2003,431.429
Russia,2004,591.861
Russia,2005,763.878
Russia,2006,979.048
Russia,2007,1166.56
Russia,2008,1344.54
Russia,2009,1254.65
Russia,2010,1363.98
Russia,2012,1706.34
Russia,2013,1896.68
Russia,2014,2127.58
Russia,2015,1235.86
Rwanda,2002,1.732
Rwanda,2003,1.684
Rwanda,2004,1.835
Rwanda,2005,2.153
Rwanda,2006,2.397
Rwanda,2007,2.684
Rwanda,2008,2.986
Rwanda,2009,5.011
Rwanda,2010,5.32
Rwanda,2012,6.182
Rwanda,2013,6.697
Rwanda,2014,7.251
Rwanda,2015,8.468
Samoa,2002,0.256
Samoa,2003,0.284
Samoa,2004,0.309
Samoa,2005,0.34
Samoa,2006,0.365
Samoa,2007,0.387
Samoa,2008,0.412
Samoa,2009,0.567
Samoa,2010,0.595
Samoa,2012,0.673
Samoa,2013,0.717
Samoa,2014,0.769
Samoa,2015,0.867
Saudi Arabia,2002,188.803
Saudi Arabia,2003,214.859
Saudi Arabia,2004,250.673
Saudi Arabia,2005,309.945
Saudi Arabia,2006,348.604
Saudi Arabia,2007,354.924
Saudi Arabia,2008,377.193
Saudi Arabia,2009,379.5
Saudi Arabia,2010,442.765
Saudi Arabia,2012,514.836
Saudi Arabia,2013,556.532
Saudi Arabia,2014,601.387
Saudi Arabia,2015,632.073
Senegal,2002,5.352
Senegal,2003,6.828
Senegal,2004,7.958
Senegal,2005,8.615
Senegal,2006,9.242
Senegal,2007,10.359
Senegal,2008,11.237
Senegal,2009,12.61
Senegal,2010,13.517
Senegal,2012,15.422
Senegal,2013,16.412
Senegal,2014,17.473
Senegal,2015,13.988
Serbia,2002,15.831
Serbia,2003,20.34
Serbia,2004,24.518
Serbia,2005,26.232
Serbia,2006,31.589
Serbia,2007,35.967
Serbia,2008,38.516
Serbia,2009,42.385
Serbia,2010,44.592
Serbia,2012,51.111
Serbia,2013,55.836
Serbia,2014,61.11
Serbia,2015,36.555
Seychelles,2002,0.698
Seychelles,2003,0.706
Seychelles,2004,0.7
Seychelles,2005,0.723
Seychelles,2006,0.749
Seychelles,2007,0.698
Seychelles,2008,0.727
Seychelles,2009,0.656
Seychelles,2010,0.791
Seychelles,2012,0.931
Seychelles,2013,1.011
Seychelles,2014,1.084
Seychelles,2015,1.375
Sierra Leone,2002,0.936
Sierra Leone,2003,0.991
Sierra Leone,2004,1.073
Sierra Leone,2005,1.215
Sierra Leone,2006,1.419
Sierra Leone,2007,1.514
Sierra Leone,2008,1.641
Sierra Leone,2009,2.064
Sierra Leone,2010,2.189
Sierra Leone,2012,2.534
Sierra Leone,2013,2.704
Sierra Leone,2014,2.871
Sierra Leone,2015,4.266
Singapore,2002,88.068
Singapore,2003,92.35
Singapore,2004,107.405
Singapore,2005,116.704
Singapore,2006,132.155
Singapore,2007,146.09
Singapore,2008,157.568
Singapore,2009,163.132
Singapore,2010,178.64
Singapore,2012,195.882
Singapore,2013,205.994
Singapore,2014,216.372
Singapore,2015,293.959
Slovak Republic,2002,24.522
Slovak Republic,2003,33.005
Slovak Republic,2004,42.015
Slovak Republic,2005,47.428
Slovak Republic,2006,54.969
Slovak Republic,2007,69.279
Slovak Republic,2008,78.303
Slovak Republic,2009,88.296
Slovak Republic,2010,96.365
Slovak Republic,2012,109.056
Slovak Republic,2013,115.61
Slovak Republic,2014,122.589
Slovak Republic,2015,86.198
Slovenia,2002,23.664
Slovenia,2003,28.819
Slovenia,2004,32.738
Slovenia,2005,34.407
Slovenia,2006,37.34
Slovenia,2007,41.125
Slovenia,2008,43.955
Slovenia,2009,49.551
Slovenia,2010,51.52
Slovenia,2012,57.379
Slovenia,2013,60.311
Slovenia,2014,63.417
Slovenia,2015,42.736
Solomon Islands,2002,0.228
Solomon Islands,2003,0.231
Solomon Islands,2004,0.265
Solomon Islands,2005,0.294
Solomon Islands,2006,0.321
Solomon Islands,2007,0.354
Solomon Islands,2008,0.393
Solomon Islands,2009,0.668
Solomon Islands,2010,0.717
Solomon Islands,2012,0.896
Solomon Islands,2013,1.002
Solomon Islands,2014,1.086
Solomon Islands,2015,1.205
South Africa,2002,111.13
South Africa,2003,166.655
South Africa,2004,216.772
South Africa,2005,241.933
South Africa,2006,255.155
South Africa,2007,271.779
South Africa,2008,291.38
South Africa,2009,277.379
South Africa,2010,286.357
South Africa,2012,314.635
South Africa,2013,331.801
South Africa,2014,349.581
South Africa,2015,317.285
Spain,2002,688.676
Spain,2003,884.908
Spain,2004,1044.51
Spain,2005,1127.98
Spain,2006,1225.75
Spain,2007,1359.11
Spain,2008,1454.35
Spain,2009,1438.36
Spain,2010,1475.49
Spain,2012,1506.2
Spain,2013,1534.01
Spain,2014,1567.79
Spain,2015,1221.39
Sri Lanka,2002,16.536
Sri Lanka,2003,18.246
Sri Lanka,2004,20.055
Sri Lanka,2005,23.534
Sri Lanka,2006,26.794
Sri Lanka,2007,30.875
Sri Lanka,2008,34.218
Sri Lanka,2009,41.323
Sri Lanka,2010,38.347
Sri Lanka,2012,44.443
Sri Lanka,2013,47.671
Sri Lanka,2014,51.097
Sri Lanka,2015,79.524
St. Kitts and Nevis,2002,0.355
St. Kitts and Nevis,2003,0.366
St. Kitts and Nevis,2004,0.406
St. Kitts and Nevis,2005,0.442
St. Kitts and Nevis,2006,0.487
St. Kitts and Nevis,2007,0.523
St. Kitts and Nevis,2008,0.557
St. Kitts and Nevis,2009,0.547
St. Kitts and Nevis,2010,0.559
St. Kitts and Nevis,2012,0.6
St. Kitts and Nevis,2013,0.624
St. Kitts and Nevis,2014,0.65
St. Kitts and Nevis,2015,0.889
St. Lucia,2002,0.682
St. Lucia,2003,0.716
St. Lucia,2004,0.763
St. Lucia,2005,0.882
St. Lucia,2006,0.933
St. Lucia,2007,1.009
St. Lucia,2008,1.084
St. Lucia,2009,0.991
St. Lucia,2010,1.015
St. Lucia,2012,1.119
St. Lucia,2013,1.187
St. Lucia,2014,1.26
St. Lucia,2015,1.438
St. Vincent and the Grenadines,2002,0.365
St. Vincent and the Grenadines,2003,0.382
St. Vincent and the Grenadines,2004,0.408
St. Vincent and the Grenadines,2005,0.43
St. Vincent and the Grenadines,2006,0.466
St. Vincent and the Grenadines,2007,0.507
St. Vincent and the Grenadines,2008,0.555
St. Vincent and the Grenadines,2009,0.625
St. Vincent and the Grenadines,2010,0.645
St. Vincent and the Grenadines,2012,0.733
St. Vincent and the Grenadines,2013,0.777
St. Vincent and the Grenadines,2014,0.826
St. Vincent and the Grenadines,2015,0.765
Sudan,2002,14.976
Sudan,2003,17.78
Sudan,2004,21.691
Sudan,2005,27.895
Sudan,2006,37.564
Sudan,2007,47.156
Sudan,2008,58.003
Sudan,2009,54.294
Sudan,2010,64.965
Sudan,2012,80.811
Sudan,2013,90.739
Sudan,2014,98.222
Sudan,2015,84.331
Suriname,2002,1.08
Suriname,2003,1.271
Suriname,2004,1.493
Suriname,2005,1.778
Suriname,2006,2.112
Suriname,2007,2.234
Suriname,2008,2.347
Suriname,2009,3.147
Suriname,2010,3.453
Suriname,2012,4.514
Suriname,2013,5.386
Suriname,2014,6.259
Suriname,2015,5.05
Swaziland,2002,1.194
Swaziland,2003,1.907
Swaziland,2004,2.386
Swaziland,2005,2.609
Swaziland,2006,2.637
Swaziland,2007,2.726
Swaziland,2008,2.788
Swaziland,2009,2.929
Swaziland,2010,3.038
Swaziland,2012,3.209
Swaziland,2013,3.304
Swaziland,2014,3.402
Swaziland,2015,4.305
Sweden,2002,244.314
Sweden,2003,304.854
Sweden,2004,349.557
Sweden,2005,358.481
Sweden,2006,385.293
Sweden,2007,423.649
Sweden,2008,442.788
Sweden,2009,397.703
Sweden,2010,437.342
Sweden,2012,495.682
Sweden,2013,521.545
Sweden,2014,547.595
Sweden,2015,483.724
Switzerland,2002,277.113
Switzerland,2003,323.065
Switzerland,2004,360.152
Switzerland,2005,366.514
Switzerland,2006,377.24
Switzerland,2007,389.405
Switzerland,2008,397.49
Switzerland,2009,484.132
Switzerland,2010,498.268
Switzerland,2012,514.088
Switzerland,2013,520.368
Switzerland,2014,525.688
Switzerland,2015,676.979
Syrian Arab Republic,2002,22.78
Syrian Arab Republic,2003,22.719
Syrian Arab Republic,2004,24.703
Syrian Arab Republic,2005,27.369
Syrian Arab Republic,2006,31.505
Syrian Arab Republic,2007,34.965
Syrian Arab Republic,2008,36.815
Syrian Arab Republic,2009,54.352
Syrian Arab Republic,2010,61.289
Syrian Arab Republic,2012,74.323
Syrian Arab Republic,2013,81.836
Syrian Arab Republic,2014,90.182
Syrian Arab Republic,2015,0.0
São Tomé and Príncipe,2002,0.054
São Tomé and Príncipe,2003,0.059
São Tomé and Príncipe,2004,0.064
São Tomé and Príncipe,2005,0.072
São Tomé and Príncipe,2006,0.079
São Tomé and Príncipe,2007,0.09
São Tomé and Príncipe,2008,0.098
São Tomé and Príncipe,2009,0.189
São Tomé and Príncipe,2010,0.197
São Tomé and Príncipe,2012,0.221
São Tomé and Príncipe,2013,0.237
São Tomé and Príncipe,2014,0.258
São Tomé and Príncipe,2015,0.326
Taiwan Province of China,2002,294.876
Taiwan Province of China,2003,299.606
Taiwan Province of China,2004,322.299
Taiwan Province of China,2005,346.651
Taiwan Province of China,2006,355.708
Taiwan Province of China,2007,365.317
Taiwan Province of China,2008,389.991
Taiwan Province of China,2009,357.344
Taiwan Province of China,2010,385.165
Taiwan Province of China,2012,443.539
Taiwan Province of China,2013,466.126
Taiwan Province of China,2014,488.158
Taiwan Province of China,2015,518.816
Tajikistan,2002,1.212
Tajikistan,2003,1.555
Tajikistan,2004,2.073
Tajikistan,2005,2.311
Tajikistan,2006,2.811
Tajikistan,2007,3.141
Tajikistan,2008,3.457
Tajikistan,2009,4.577
Tajikistan,2010,4.821
Tajikistan,2012,6.342
Tajikistan,2013,7.325
Tajikistan,2014,8.713
Tajikistan,2015,8.045
Tanzania,2002,9.792
Tanzania,2003,10.276
Tanzania,2004,11.339
Tanzania,2005,12.607
Tanzania,2006,12.787
Tanzania,2007,14.106
Tanzania,2008,15.599
Tanzania,2009,22.159
Tanzania,2010,23.662
Tanzania,2012,27.901
Tanzania,2013,30.515
Tanzania,2014,33.392
Tanzania,2015,46.192
Thailand,2002,126.877
Thailand,2003,142.64
Thailand,2004,161.349
Thailand,2005,176.222
Thailand,2006,206.258
Thailand,2007,219.436
Thailand,2008,236.59
Thailand,2009,266.434
Thailand,2010,282.351
Thailand,2012,322.009
Thailand,2013,347.815
Thailand,2014,375.689
Thailand,2015,373.536
"Timor-Leste, Dem. Rep. of",2002,0.343
"Timor-Leste, Dem. Rep. of",2003,0.336
"Timor-Leste, Dem. Rep. of",2004,0.339
"Timor-Leste, Dem. Rep. of",2005,0.35
"Timor-Leste, Dem. Rep. of",2006,0.356
"Timor-Leste, Dem. Rep. of",2007,0.493
"Timor-Leste, Dem. Rep. of",2008,0.53
"Timor-Leste, Dem. Rep. of",2009,0.599
"Timor-Leste, Dem. Rep. of",2010,0.706
"Timor-Leste, Dem. Rep. of",2012,0.967
"Timor-Leste, Dem. Rep. of",2013,1.136
"Timor-Leste, Dem. Rep. of",2014,1.337
"Timor-Leste, Dem. Rep. of",2015,0.0
Togo,2002,1.479
Togo,2003,1.677
Togo,2004,1.94
Togo,2005,2.112
Togo,2006,2.21
Togo,2007,2.39
Togo,2008,2.589
Togo,2009,2.771
Togo,2010,2.927
Togo,2012,3.247
Togo,2013,3.409
Togo,2014,3.603
Togo,2015,4.152
Tonga,2002,0.143
Tonga,2003,0.159
Tonga,2004,0.182
Tonga,2005,0.215
Tonga,2006,0.224
Tonga,2007,0.234
Tonga,2008,0.247
Tonga,2009,0.259
Tonga,2010,0.277
Tonga,2012,0.314
Tonga,2013,0.332
Tonga,2014,0.352
Tonga,2015,0.443
Trinidad and Tobago,2002,9.709
Trinidad and Tobago,2003,12.022
Trinidad and Tobago,2004,13.527
Trinidad and Tobago,2005,16.212
Trinidad and Tobago,2006,19.935
Trinidad and Tobago,2007,21.702
Trinidad and Tobago,2008,24.276
Trinidad and Tobago,2009,23.002
Trinidad and Tobago,2010,26.039
Trinidad and Tobago,2012,32.868
Trinidad and Tobago,2013,35.857
Trinidad and Tobago,2014,38.656
Trinidad and Tobago,2015,27.668
Tunisia,2002,21.054
Tunisia,2003,25.0
Tunisia,2004,28.129
Tunisia,2005,28.959
Tunisia,2006,30.62
Tunisia,2007,33.697
Tunisia,2008,36.828
Tunisia,2009,39.573
Tunisia,2010,42.033
Tunisia,2012,46.93
Tunisia,2013,49.8
Tunisia,2014,53.775
Tunisia,2015,44.272
Turkey,2002,182.973
Turkey,2003,240.596
Turkey,2004,302.561
Turkey,2005,362.461
Turkey,2006,392.424
Turkey,2007,432.512
Turkey,2008,455.538
Turkey,2009,593.533
Turkey,2010,590.701
Turkey,2012,638.419
Turkey,2013,673.753
Turkey,2014,710.833
Turkey,2015,722.219
Turkmenistan,2002,8.7
Turkmenistan,2003,11.424
Turkmenistan,2004,14.196
Turkmenistan,2005,17.174
Turkmenistan,2006,21.846
Turkmenistan,2007,26.215
Turkmenistan,2008,31.732
Turkmenistan,2009,0.0
Turkmenistan,2010,0.0
Turkmenistan,2012,0.0
Turkmenistan,2013,0.0
Turkmenistan,2014,0.0
Turkmenistan,2015,44.362
Uganda,2002,5.835
Uganda,2003,6.243
Uganda,2004,6.817
Uganda,2005,8.734
Uganda,2006,9.443
Uganda,2007,10.492
Uganda,2008,11.275
Uganda,2009,15.658
Uganda,2010,16.739
Uganda,2012,19.648
Uganda,2013,21.451
Uganda,2014,22.991
Uganda,2015,24.943
Ukraine,2002,42.393
Ukraine,2003,50.133
Ukraine,2004,64.883
Ukraine,2005,86.044
Ukraine,2006,106.072
Ukraine,2007,122.802
Ukraine,2008,137.667
Ukraine,2009,115.706
Ukraine,2010,119.701
Ukraine,2012,145.757
Ukraine,2013,160.619
Ukraine,2014,175.949
Ukraine,2015,90.138
United Arab Emirates,2002,75.285
United Arab Emirates,2003,88.579
United Arab Emirates,2004,103.784
United Arab Emirates,2005,130.256
United Arab Emirates,2006,168.263
United Arab Emirates,2007,185.949
United Arab Emirates,2008,207.939
United Arab Emirates,2009,228.578
United Arab Emirates,2010,256.179
United Arab Emirates,2012,298.848
United Arab Emirates,2013,326.175
United Arab Emirates,2014,356.668
United Arab Emirates,2015,339.085
United Kingdom,2002,1574.47
United Kingdom,2003,1814.64
United Kingdom,2004,2155.16
United Kingdom,2005,2230.61
United Kingdom,2006,2373.69
United Kingdom,2007,2660.66
United Kingdom,2008,2822.66
United Kingdom,2009,2198.16
United Kingdom,2010,2353.03
United Kingdom,2012,2611.27
United Kingdom,2013,2758.8
United Kingdom,2014,2919.12
United Kingdom,2015,2864.9
United States,2002,10469.6
United States,2003,10960.75
United States,2004,11712.48
United States,2005,12455.83
United States,2006,13244.55
United States,2007,13770.31
United States,2008,14418.48
United States,2009,14266.2
United States,2010,14704.21
United States,2012,16008.51
United States,2013,16729.38
United States,2014,17419.35
United States,2015,17968.2
Uruguay,2002,12.089
Uruguay,2003,11.211
Uruguay,2004,13.268
Uruguay,2005,16.878
Uruguay,2006,19.221
Uruguay,2007,20.725
Uruguay,2008,22.211
Uruguay,2009,31.606
Uruguay,2010,33.864
Uruguay,2012,47.355
Uruguay,2013,54.388
Uruguay,2014,63.167
Uruguay,2015,54.968
Uzbekistan,2002,9.657
Uzbekistan,2003,10.129
Uzbekistan,2004,12.001
Uzbekistan,2005,13.67
Uzbekistan,2006,16.088
Uzbekistan,2007,18.84
Uzbekistan,2008,21.727
Uzbekistan,2009,30.321
Uzbekistan,2010,34.232
Uzbekistan,2012,44.892
Uzbekistan,2013,51.125
Uzbekistan,2014,58.224
Uzbekistan,2015,65.953
Vanuatu,2002,0.23
Vanuatu,2003,0.28
Vanuatu,2004,0.33
Vanuatu,2005,0.368
Vanuatu,2006,0.387
Vanuatu,2007,0.421
Vanuatu,2008,0.451
Vanuatu,2009,0.554
Vanuatu,2010,0.602
Vanuatu,2012,0.692
Vanuatu,2013,0.747
Vanuatu,2014,0.804
Vanuatu,2015,0.771
Venezuela,2002,92.889
Venezuela,2003,83.442
Venezuela,2004,112.8
Venezuela,2005,143.443
Venezuela,2006,181.608
Venezuela,2007,219.372
Venezuela,2008,231.959
Venezuela,2009,353.469
Venezuela,2010,379.16
Venezuela,2012,394.106
Venezuela,2013,403.123
Venezuela,2014,409.562
Venezuela,2015,131.855
Vietnam,2002,35.148
Vietnam,2003,39.63
Vietnam,2004,45.548
Vietnam,2005,53.053
Vietnam,2006,60.995
Vietnam,2007,68.298
Vietnam,2008,76.414
Vietnam,2009,91.764
Vietnam,2010,102.906
Vietnam,2012,123.505
Vietnam,2013,135.729
Vietnam,2014,148.914
Vietnam,2015,198.805
"Yemen, Republic of",2002,9.985
"Yemen, Republic of",2003,11.869
"Yemen, Republic of",2004,13.565
"Yemen, Republic of",2005,15.193
"Yemen, Republic of",2006,18.7
"Yemen, Republic of",2007,21.657
"Yemen, Republic of",2008,24.504
"Yemen, Republic of",2009,26.236
"Yemen, Republic of",2010,31.98
"Yemen, Republic of",2012,37.153
"Yemen, Republic of",2013,40.003
"Yemen, Republic of",2014,42.687
"Yemen, Republic of",2015,0.0
Zambia,2002,3.775
Zambia,2003,4.326
Zambia,2004,5.44
Zambia,2005,7.271
Zambia,2006,10.942
Zambia,2007,10.104
Zambia,2008,10.519
Zambia,2009,12.293
Zambia,2010,15.792
Zambia,2012,20.208
Zambia,2013,21.829
Zambia,2014,23.613
Zambia,2015,24.466
Zimbabwe,2002,30.856
Zimbabwe,2003,10.515
Zimbabwe,2004,4.7
Zimbabwe,2005,4.552
Zimbabwe,2006,5.54
Zimbabwe,2007,18.281
Zimbabwe,2008,63.039
Zimbabwe,2009,3.556
Zimbabwe,2010,4.22
Zimbabwe,2012,5.528
Zimbabwe,2013,6.214
Zimbabwe,2014,6.851
Zimbabwe,2015,13.905
