Country,Year,Basic_Sanitation
Afghanistan,2017,43.42
Afghanistan,2016,42.05
Afghanistan,2015,40.71
Afghanistan,2014,39.37
Afghanistan,2013,38.06
Afghanistan,2012,36.75
Afghanistan,2011,35.46
Afghanistan,2010,34.18
Afghanistan,2009,32.91
Afghanistan,2008,31.65
Afghanistan,2007,30.41
Afghanistan,2006,29.18
Afghanistan,2005,28.04
Afghanistan,2004,26.9
Afghanistan,2003,25.77
Afghanistan,2002,24.65
Afghanistan,2001,23.52
Afghanistan,2000,23.52
Albania,2017,97.72
Albania,2016,97.7
Albania,2015,97.69
Albania,2014,97.68
Albania,2013,97.31
Albania,2012,96.78
Albania,2011,96.18
Albania,2010,95.57
Albania,2009,94.94
Albania,2008,94.28
Albania,2007,93.6
Albania,2006,92.9
Albania,2005,92.18
Albania,2004,91.44
Albania,2003,90.68
Albania,2002,89.9
Albania,2001,89.1
Albania,2000,88.33
Algeria,2017,87.59
Algeria,2016,87.54
Algeria,2015,87.5
Algeria,2014,87.33
Algeria,2013,87.16
Algeria,2012,86.97
Algeria,2011,86.77
Algeria,2010,86.56
Algeria,2009,86.34
Algeria,2008,86.1
Algeria,2007,85.85
Algeria,2006,85.58
Algeria,2005,85.31
Algeria,2004,85.02
Algeria,2003,84.72
Algeria,2002,84.4
Algeria,2001,84.07
Algeria,2000,83.73
Andorra,2017,100
Andorra,2016,100
Andorra,2015,100
Andorra,2014,100
Andorra,2013,100
Andorra,2012,100
Andorra,2011,100
Andorra,2010,100
Andorra,2009,100
Andorra,2008,100
Andorra,2007,100
Andorra,2006,100
Andorra,2005,100
Andorra,2004,100
Andorra,2003,100
Andorra,2002,100
Andorra,2001,100
Andorra,2000,100
Angola,2017,49.88
Angola,2016,48.63
Angola,2015,47.37
Angola,2014,46.12
Angola,2013,44.85
Angola,2012,43.59
Angola,2011,42.33
Angola,2010,41.06
Angola,2009,39.79
Angola,2008,38.53
Angola,2007,37.26
Angola,2006,35.99
Angola,2005,34.72
Angola,2004,33.29
Angola,2003,31.86
Angola,2002,30.42
Angola,2001,28.99
Angola,2000,27.56
Antigua and Barbuda,2017,87.5
Antigua and Barbuda,2016,87.5
Antigua and Barbuda,2015,87.5
Antigua and Barbuda,2014,87.5
Antigua and Barbuda,2013,87.5
Antigua and Barbuda,2012,87.11
Antigua and Barbuda,2011,86.72
Antigua and Barbuda,2010,86.33
Antigua and Barbuda,2009,85.94
Antigua and Barbuda,2008,85.54
Antigua and Barbuda,2007,85.15
Antigua and Barbuda,2006,84.76
Antigua and Barbuda,2005,84.37
Antigua and Barbuda,2004,83.98
Antigua and Barbuda,2003,83.59
Antigua and Barbuda,2002,83.19
Antigua and Barbuda,2001,82.8
Antigua and Barbuda,2000,82.41
Argentina,2016,94.26
Argentina,2015,94.23
Argentina,2014,94.2
Argentina,2013,94.17
Argentina,2012,93.74
Argentina,2011,93.18
Argentina,2010,92.62
Argentina,2009,92.06
Argentina,2008,91.49
Argentina,2007,90.93
Argentina,2006,90.37
Argentina,2005,89.8
Argentina,2004,89.24
Argentina,2003,88.67
Argentina,2002,88.11
Argentina,2001,87.54
Argentina,2000,86.98
Armenia,2017,93.64
Armenia,2016,93.41
Armenia,2015,93.06
Armenia,2014,92.63
Armenia,2013,92.21
Armenia,2012,91.79
Armenia,2011,91.38
Armenia,2010,90.96
Armenia,2009,90.55
Armenia,2008,90.14
Armenia,2007,89.73
Armenia,2006,89.32
Armenia,2005,88.91
Armenia,2004,88.5
Armenia,2003,88.09
Armenia,2002,87.68
Armenia,2001,87.28
Armenia,2000,86.9
Australia,2017,99.99
Australia,2016,99.99
Australia,2015,99.99
Australia,2014,99.99
Australia,2013,99.99
Australia,2012,99.99
Australia,2011,99.99
Australia,2010,99.99
Australia,2009,99.99
Australia,2008,99.99
Australia,2007,99.99
Australia,2006,99.99
Australia,2005,99.99
Australia,2004,99.99
Australia,2003,99.99
Australia,2002,99.99
Australia,2001,99.99
Australia,2000,99.99
Austria,2017,99.97
Austria,2016,99.97
Austria,2015,99.98
Austria,2014,99.98
Austria,2013,99.98
Austria,2012,99.98
Austria,2011,99.98
Austria,2010,99.99
Austria,2009,99.99
Austria,2008,99.99
Austria,2007,99.99
Austria,2006,99.99
Austria,2005,99.99
Austria,2004,100
Austria,2003,100
Austria,2002,100
Austria,2001,100
Austria,2000,100
Azerbaijan,2017,92.51
Azerbaijan,2016,92.48
Azerbaijan,2015,92.46
Azerbaijan,2014,90.92
Azerbaijan,2013,89.31
Azerbaijan,2012,87.04
Azerbaijan,2011,84.78
Azerbaijan,2010,82.55
Azerbaijan,2009,80.33
Azerbaijan,2008,78.13
Azerbaijan,2007,75.94
Azerbaijan,2006,73.77
Azerbaijan,2005,71.62
Azerbaijan,2004,69.48
Azerbaijan,2003,67.92
Azerbaijan,2002,66.36
Azerbaijan,2001,64.79
Azerbaijan,2000,63.21
Bahamas,2017,94.93
Bahamas,2016,94.93
Bahamas,2015,94.93
Bahamas,2014,94.59
Bahamas,2013,94.25
Bahamas,2012,93.9
Bahamas,2011,93.37
Bahamas,2010,92.84
Bahamas,2009,92.31
Bahamas,2008,91.78
Bahamas,2007,91.25
Bahamas,2006,90.73
Bahamas,2005,90.2
Bahamas,2004,89.68
Bahamas,2003,89.16
Bahamas,2002,88.64
Bahamas,2001,88.12
Bahamas,2000,87.6
Bahrain,2017,100
Bahrain,2016,100
Bahrain,2015,100
Bahrain,2014,100
Bahrain,2013,100
Bahrain,2012,100
Bahrain,2011,100
Bahrain,2010,99.99
Bahrain,2009,99.98
Bahrain,2008,99.96
Bahrain,2007,99.95
Bahrain,2006,99.94
Bahrain,2005,99.92
Bahrain,2004,99.91
Bahrain,2003,99.89
Bahrain,2002,99.88
Bahrain,2001,99.87
Bahrain,2000,99.85
Bangladesh,2017,48.23
Bangladesh,2016,47.01
Bangladesh,2015,45.74
Bangladesh,2014,44.46
Bangladesh,2013,43.17
Bangladesh,2012,41.86
Bangladesh,2011,40.54
Bangladesh,2010,39.2
Bangladesh,2009,37.86
Bangladesh,2008,36.51
Bangladesh,2007,35.15
Bangladesh,2006,33.78
Bangladesh,2005,32.41
Bangladesh,2004,31.04
Bangladesh,2003,29.69
Bangladesh,2002,28.33
Bangladesh,2001,26.97
Bangladesh,2000,25.64
Barbados,2017,97.28
Barbados,2016,96.86
Barbados,2015,96.36
Barbados,2014,95.86
Barbados,2013,95.36
Barbados,2012,94.86
Barbados,2011,94.35
Barbados,2010,93.85
Barbados,2009,93.35
Barbados,2008,92.85
Barbados,2007,92.35
Barbados,2006,91.85
Barbados,2005,91.35
Barbados,2004,90.85
Barbados,2003,90.35
Barbados,2002,89.85
Barbados,2001,89.35
Barbados,2000,88.85
Belarus,2017,97.79
Belarus,2016,97.78
Belarus,2015,97.76
Belarus,2014,97.75
Belarus,2013,97.16
Belarus,2012,96.57
Belarus,2011,95.99
Belarus,2010,95.41
Belarus,2009,94.84
Belarus,2008,94.28
Belarus,2007,93.73
Belarus,2006,93.18
Belarus,2005,92.64
Belarus,2004,92.11
Belarus,2003,91.58
Belarus,2002,91.61
Belarus,2001,91.64
Belarus,2000,91.67
Belgium,2017,99.49
Belgium,2016,99.49
Belgium,2015,99.49
Belgium,2014,99.49
Belgium,2013,99.49
Belgium,2012,99.49
Belgium,2011,99.49
Belgium,2010,99.49
Belgium,2009,99.49
Belgium,2008,99.49
Belgium,2007,99.49
Belgium,2006,99.49
Belgium,2005,99.49
Belgium,2004,99.48
Belgium,2003,99.48
Belgium,2002,99.48
Belgium,2001,99.48
Belgium,2000,99.48
Belize,2017,87.86
Belize,2016,87.53
Belize,2015,87.21
Belize,2014,86.89
Belize,2013,86.57
Belize,2012,86.26
Belize,2011,85.94
Belize,2010,85.63
Belize,2009,85.31
Belize,2008,85
Belize,2007,84.69
Belize,2006,84.37
Belize,2005,84.06
Belize,2004,83.74
Belize,2003,83.41
Belize,2002,83.09
Belize,2001,82.76
Belize,2000,82.44
Benin,2017,16.45
Benin,2016,16.35
Benin,2015,16.01
Benin,2014,15.67
Benin,2013,15.08
Benin,2012,14.51
Benin,2011,13.94
Benin,2010,13.39
Benin,2009,12.85
Benin,2008,12.32
Benin,2007,11.8
Benin,2006,11.3
Benin,2005,10.81
Benin,2004,10.33
Benin,2003,9.87
Benin,2002,9.42
Benin,2001,9
Benin,2000,8.6
Bhutan,2017,69.25
Bhutan,2016,68.28
Bhutan,2015,67.29
Bhutan,2014,66.26
Bhutan,2013,65.21
Bhutan,2012,64.13
Bhutan,2011,63.03
Bhutan,2010,61.9
Bhutan,2009,60.74
Bhutan,2008,59.55
Bhutan,2007,58.35
Bhutan,2006,57.12
Bhutan,2005,55.86
Bhutan,2004,54.48
Bhutan,2003,53.05
Bhutan,2002,51.6
Bhutan,2001,50.11
Bhutan,2000,49.76
Bolivia (Plurinational State of),2017,60.72
Bolivia (Plurinational State of),2016,58.8
Bolivia (Plurinational State of),2015,56.91
Bolivia (Plurinational State of),2014,55.05
Bolivia (Plurinational State of),2013,53.21
Bolivia (Plurinational State of),2012,51.39
Bolivia (Plurinational State of),2011,49.58
Bolivia (Plurinational State of),2010,47.8
Bolivia (Plurinational State of),2009,46.04
Bolivia (Plurinational State of),2008,44.32
Bolivia (Plurinational State of),2007,42.62
Bolivia (Plurinational State of),2006,40.94
Bolivia (Plurinational State of),2005,39.88
Bolivia (Plurinational State of),2004,38.82
Bolivia (Plurinational State of),2003,37.75
Bolivia (Plurinational State of),2002,36.68
Bolivia (Plurinational State of),2001,35.61
Bolivia (Plurinational State of),2000,34.51
Bosnia and Herzegovina,2017,95.36
Bosnia and Herzegovina,2016,95.34
Bosnia and Herzegovina,2015,95.31
Bosnia and Herzegovina,2014,95.29
Bosnia and Herzegovina,2013,95.27
Bosnia and Herzegovina,2012,95.25
Bosnia and Herzegovina,2011,95.24
Bosnia and Herzegovina,2010,95.22
Bosnia and Herzegovina,2009,95.2
Bosnia and Herzegovina,2008,95.18
Bosnia and Herzegovina,2007,95.17
Bosnia and Herzegovina,2006,95.15
Bosnia and Herzegovina,2005,95.14
Bosnia and Herzegovina,2004,95.12
Bosnia and Herzegovina,2003,95.11
Bosnia and Herzegovina,2002,95.1
Bosnia and Herzegovina,2001,95.09
Bosnia and Herzegovina,2000,95.08
Botswana,2017,77.27
Botswana,2016,76.02
Botswana,2015,74.76
Botswana,2014,73.22
Botswana,2013,71.68
Botswana,2012,70.15
Botswana,2011,68.59
Botswana,2010,66.84
Botswana,2009,65.09
Botswana,2008,63.34
Botswana,2007,61.6
Botswana,2006,59.87
Botswana,2005,58.55
Botswana,2004,57.24
Botswana,2003,55.93
Botswana,2002,54.64
Botswana,2001,53.33
Botswana,2000,51.92
Brazil,2017,88.29
Brazil,2016,87.43
Brazil,2015,86.55
Brazil,2014,85.68
Brazil,2013,84.79
Brazil,2012,83.91
Brazil,2011,83.01
Brazil,2010,82.12
Brazil,2009,81.22
Brazil,2008,80.31
Brazil,2007,79.4
Brazil,2006,78.49
Brazil,2005,77.57
Brazil,2004,76.64
Brazil,2003,75.71
Brazil,2002,74.77
Brazil,2001,73.83
Brazil,2000,72.86
Brunei Darussalam,2015,96.35
Brunei Darussalam,2014,96.35
Brunei Darussalam,2013,96.35
Brunei Darussalam,2012,96.35
Brunei Darussalam,2011,96.35
Brunei Darussalam,2010,96.35
Brunei Darussalam,2009,96.35
Brunei Darussalam,2008,96.35
Brunei Darussalam,2007,96.35
Bulgaria,2017,86
Bulgaria,2016,85.99
Bulgaria,2015,85.98
Bulgaria,2014,85.97
Bulgaria,2013,85.96
Bulgaria,2012,85.95
Bulgaria,2011,85.94
Bulgaria,2010,85.93
Bulgaria,2009,85.92
Bulgaria,2008,85.91
Bulgaria,2007,85.9
Bulgaria,2006,85.89
Bulgaria,2005,85.88
Bulgaria,2004,85.87
Bulgaria,2003,85.86
Bulgaria,2002,85.85
Bulgaria,2001,85.84
Bulgaria,2000,85.83
Burkina Faso,2017,19.4
Burkina Faso,2016,19.13
Burkina Faso,2015,18.83
Burkina Faso,2014,18.5
Burkina Faso,2013,18.16
Burkina Faso,2012,17.79
Burkina Faso,2011,17.39
Burkina Faso,2010,16.98
Burkina Faso,2009,16.54
Burkina Faso,2008,16.08
Burkina Faso,2007,15.6
Burkina Faso,2006,15.05
Burkina Faso,2005,14.41
Burkina Faso,2004,13.74
Burkina Faso,2003,13.05
Burkina Faso,2002,12.35
Burkina Faso,2001,11.62
Burkina Faso,2000,11.29
Burundi,2017,45.82
Burundi,2016,45.85
Burundi,2015,45.88
Burundi,2014,45.9
Burundi,2013,45.91
Burundi,2012,45.92
Burundi,2011,45.93
Burundi,2010,45.93
Burundi,2009,45.93
Burundi,2008,45.92
Burundi,2007,45.91
Burundi,2006,45.9
Burundi,2005,45.89
Burundi,2004,45.87
Burundi,2003,45.85
Burundi,2002,45.63
Burundi,2001,45.42
Burundi,2000,45.21
Cabo Verde,2017,73.85
Cabo Verde,2016,72.25
Cabo Verde,2015,70.47
Cabo Verde,2014,68.59
Cabo Verde,2013,66.69
Cabo Verde,2012,64.78
Cabo Verde,2011,62.86
Cabo Verde,2010,60.94
Cabo Verde,2009,58.93
Cabo Verde,2008,56.9
Cabo Verde,2007,54.85
Cabo Verde,2006,52.78
Cabo Verde,2005,50.7
Cabo Verde,2004,48.6
Cabo Verde,2003,46.49
Cabo Verde,2002,44.35
Cabo Verde,2001,42.21
Cabo Verde,2000,40.04
Cambodia,2017,59.23
Cambodia,2016,56.6
Cambodia,2015,53.39
Cambodia,2014,50.2
Cambodia,2013,47.06
Cambodia,2012,43.94
Cambodia,2011,40.87
Cambodia,2010,37.82
Cambodia,2009,34.81
Cambodia,2008,31.83
Cambodia,2007,28.98
Cambodia,2006,26.17
Cambodia,2005,23.39
Cambodia,2004,20.65
Cambodia,2003,17.93
Cambodia,2002,15.25
Cambodia,2001,12.59
Cambodia,2000,9.96
Cameroon,2017,39.08
Cameroon,2016,38.85
Cameroon,2015,38.86
Cameroon,2014,38.87
Cameroon,2013,38.9
Cameroon,2012,38.93
Cameroon,2011,38.98
Cameroon,2010,39.03
Cameroon,2009,39.09
Cameroon,2008,39.17
Cameroon,2007,39.25
Cameroon,2006,39.34
Cameroon,2005,39.45
Cameroon,2004,39.56
Cameroon,2003,39.68
Cameroon,2002,39.82
Cameroon,2001,39.93
Cameroon,2000,40.04
Canada,2017,99.29
Canada,2016,99.32
Canada,2015,99.36
Canada,2014,99.4
Canada,2013,99.44
Canada,2012,99.48
Canada,2011,99.52
Canada,2010,99.56
Canada,2009,99.59
Canada,2008,99.63
Canada,2007,99.67
Canada,2006,99.71
Canada,2005,99.75
Canada,2004,99.78
Canada,2003,99.78
Canada,2002,99.78
Canada,2001,99.78
Canada,2000,99.78
Central African Republic,2016,25.32
Central African Republic,2015,25.18
Central African Republic,2014,25.06
Central African Republic,2013,24.94
Central African Republic,2012,24.83
Central African Republic,2011,23.94
Central African Republic,2010,23.07
Central African Republic,2009,22.21
Central African Republic,2008,21.37
Central African Republic,2007,20.55
Central African Republic,2006,19.73
Central African Republic,2005,18.93
Central African Republic,2004,18.14
Central African Republic,2003,17.35
Central African Republic,2002,16.57
Central African Republic,2001,15.79
Central African Republic,2000,15.02
Chad,2017,8.34
Chad,2016,8.58
Chad,2015,8.84
Chad,2014,9.11
Chad,2013,9.4
Chad,2012,9.71
Chad,2011,10.03
Chad,2010,10.37
Chad,2009,10.73
Chad,2008,11.1
Chad,2007,11.15
Chad,2006,11.2
Chad,2005,11.26
Chad,2004,11.32
Chad,2003,11.37
Chad,2002,11.43
Chad,2001,11.49
Chad,2000,11.55
Chile,2017,100
Chile,2016,100
Chile,2015,99.63
Chile,2014,99.25
Chile,2013,98.8
Chile,2012,98.3
Chile,2011,97.81
Chile,2010,97.31
Chile,2009,96.8
Chile,2008,96.3
Chile,2007,95.79
Chile,2006,95.28
Chile,2005,94.77
Chile,2004,94.26
Chile,2003,93.75
Chile,2002,93.23
Chile,2001,92.66
Chile,2000,92.07
China,2017,84.76
China,2016,83.24
China,2015,81.68
China,2014,80.08
China,2013,78.46
China,2012,76.8
China,2011,75.19
China,2010,73.55
China,2009,71.86
China,2008,70.12
China,2007,68.36
China,2006,66.55
China,2005,64.71
China,2004,62.81
China,2003,60.88
China,2002,58.91
China,2001,56.9
China,2000,56.29
Colombia,2017,89.63
Colombia,2016,88.59
Colombia,2015,87.55
Colombia,2014,86.5
Colombia,2013,85.46
Colombia,2012,84.41
Colombia,2011,83.35
Colombia,2010,82.3
Colombia,2009,81.24
Colombia,2008,80.18
Colombia,2007,79.11
Colombia,2006,78.04
Colombia,2005,76.97
Colombia,2004,75.9
Colombia,2003,74.82
Colombia,2002,73.74
Colombia,2001,72.65
Colombia,2000,71.57
Comoros,2017,35.86
Comoros,2016,35.83
Comoros,2015,35.82
Comoros,2014,34.87
Comoros,2013,34.8
Comoros,2012,34.69
Comoros,2011,34.53
Comoros,2010,34.33
Comoros,2009,34.08
Comoros,2008,33.78
Comoros,2007,33.44
Comoros,2006,33.05
Comoros,2005,32.62
Comoros,2004,32.14
Comoros,2003,31.62
Comoros,2002,31.05
Comoros,2001,30.44
Comoros,2000,29.2
Congo,2017,20.17
Congo,2016,19.55
Congo,2015,18.94
Congo,2014,18.34
Congo,2013,17.76
Congo,2012,17.18
Congo,2011,16.63
Congo,2010,16.08
Congo,2009,15.55
Congo,2008,15.03
Congo,2007,14.53
Congo,2006,14.03
Congo,2005,13.55
Congo,2004,13.08
Congo,2003,12.62
Congo,2002,12.29
Congo,2001,11.97
Congo,2000,11.92
Cook Islands,2017,97.63
Cook Islands,2016,97.63
Cook Islands,2015,97.63
Cook Islands,2014,97.63
Cook Islands,2013,97.63
Cook Islands,2012,97.2
Cook Islands,2011,96.78
Cook Islands,2010,96.35
Cook Islands,2009,95.93
Cook Islands,2008,95.5
Cook Islands,2007,95.08
Cook Islands,2006,94.65
Cook Islands,2005,94.23
Cook Islands,2004,93.8
Cook Islands,2003,93.38
Cook Islands,2002,92.95
Cook Islands,2001,92.53
Cook Islands,2000,92.1
Costa Rica,2017,97.82
Costa Rica,2016,97.55
Costa Rica,2015,97.27
Costa Rica,2014,96.99
Costa Rica,2013,96.69
Costa Rica,2012,96.38
Costa Rica,2011,96.07
Costa Rica,2010,95.74
Costa Rica,2009,95.4
Costa Rica,2008,95.05
Costa Rica,2007,94.85
Costa Rica,2006,94.64
Costa Rica,2005,94.43
Costa Rica,2004,94.21
Costa Rica,2003,93.98
Costa Rica,2002,93.75
Costa Rica,2001,93.51
Costa Rica,2000,93.26
Côte d’Ivoire,2017,32.13
Côte d’Ivoire,2016,31.35
Côte d’Ivoire,2015,30.57
Côte d’Ivoire,2014,29.81
Côte d’Ivoire,2013,29.05
Côte d’Ivoire,2012,28.31
Côte d’Ivoire,2011,27.57
Côte d’Ivoire,2010,26.84
Côte d’Ivoire,2009,26.13
Côte d’Ivoire,2008,25.42
Côte d’Ivoire,2007,24.72
Côte d’Ivoire,2006,24.03
Côte d’Ivoire,2005,23.36
Côte d’Ivoire,2004,22.69
Côte d’Ivoire,2003,22.27
Côte d’Ivoire,2002,21.85
Côte d’Ivoire,2001,21.42
Côte d’Ivoire,2000,21
Croatia,2017,96.54
Croatia,2016,96.51
Croatia,2015,96.49
Croatia,2014,96.46
Croatia,2013,96.44
Croatia,2012,96.41
Croatia,2011,96.39
Croatia,2010,96.37
Croatia,2009,96.34
Croatia,2008,96.32
Croatia,2007,96.3
Croatia,2006,96.28
Croatia,2005,96.25
Croatia,2004,96.23
Croatia,2003,96.21
Croatia,2002,96.18
Croatia,2001,96.16
Croatia,2000,96.16
Cuba,2017,92.81
Cuba,2016,92.81
Cuba,2015,92.43
Cuba,2014,91.98
Cuba,2013,91.54
Cuba,2012,91.09
Cuba,2011,90.64
Cuba,2010,90.2
Cuba,2009,89.75
Cuba,2008,89.3
Cuba,2007,88.86
Cuba,2006,88.41
Cuba,2005,87.97
Cuba,2004,87.52
Cuba,2003,87.41
Cuba,2002,87.3
Cuba,2001,87.16
Cuba,2000,87.03
Cyprus,2017,99.15
Cyprus,2016,99.2
Cyprus,2015,99.26
Cyprus,2014,99.31
Cyprus,2013,99.36
Cyprus,2012,99.41
Cyprus,2011,99.46
Cyprus,2010,99.51
Cyprus,2009,99.57
Cyprus,2008,99.62
Cyprus,2007,99.67
Cyprus,2006,99.72
Cyprus,2005,99.77
Cyprus,2004,99.82
Cyprus,2003,99.84
Cyprus,2002,99.85
Cyprus,2001,99.85
Cyprus,2000,99.85
Czechia,2017,99.13
Czechia,2016,99.13
Czechia,2015,99.14
Czechia,2014,99.14
Czechia,2013,99.14
Czechia,2012,99.14
Czechia,2011,99.14
Czechia,2010,99.14
Czechia,2009,99.14
Czechia,2008,99.14
Czechia,2007,99.14
Czechia,2006,99.14
Czechia,2005,99.14
Czechia,2004,99.14
Czechia,2003,99.14
Czechia,2002,99.14
Czechia,2001,99.14
Czechia,2000,99.14
Democratic People's Republic of Korea,2017,83.16
Democratic People's Republic of Korea,2016,82.41
Democratic People's Republic of Korea,2015,81.67
Democratic People's Republic of Korea,2014,80.93
Democratic People's Republic of Korea,2013,80.2
Democratic People's Republic of Korea,2012,79.47
Democratic People's Republic of Korea,2011,78.75
Democratic People's Republic of Korea,2010,78.03
Democratic People's Republic of Korea,2009,77.32
Democratic People's Republic of Korea,2008,76.61
Democratic People's Republic of Korea,2007,75.92
Democratic People's Republic of Korea,2006,75.24
Democratic People's Republic of Korea,2005,75.23
Democratic People's Republic of Korea,2004,75.22
Democratic People's Republic of Korea,2003,75.21
Democratic People's Republic of Korea,2002,75.2
Democratic Republic of the Congo,2017,20.46
Democratic Republic of the Congo,2016,20.43
Democratic Republic of the Congo,2015,20.44
Democratic Republic of the Congo,2014,20.46
Democratic Republic of the Congo,2013,20.47
Democratic Republic of the Congo,2012,20.48
Democratic Republic of the Congo,2011,20.49
Democratic Republic of the Congo,2010,20.5
Democratic Republic of the Congo,2009,20.51
Democratic Republic of the Congo,2008,20.51
Democratic Republic of the Congo,2007,20.52
Democratic Republic of the Congo,2006,20.52
Democratic Republic of the Congo,2005,20.52
Democratic Republic of the Congo,2004,20.7
Democratic Republic of the Congo,2003,20.87
Democratic Republic of the Congo,2002,21.05
Democratic Republic of the Congo,2001,21.22
Democratic Republic of the Congo,2000,21.4
Denmark,2017,99.6
Denmark,2016,99.6
Denmark,2015,99.6
Denmark,2014,99.6
Denmark,2013,99.6
Denmark,2012,99.6
Denmark,2011,99.6
Denmark,2010,99.6
Denmark,2009,99.6
Denmark,2008,99.6
Denmark,2007,99.6
Denmark,2006,99.6
Denmark,2005,99.6
Denmark,2004,99.6
Denmark,2003,99.6
Denmark,2002,99.6
Denmark,2001,99.6
Denmark,2000,99.6
Djibouti,2017,63.61
Djibouti,2016,62.35
Djibouti,2015,61.09
Djibouti,2014,59.84
Djibouti,2013,58.59
Djibouti,2012,57.33
Djibouti,2011,56.09
Djibouti,2010,54.84
Djibouti,2009,53.59
Djibouti,2008,52.35
Djibouti,2007,51.1
Djibouti,2006,49.84
Djibouti,2005,48.59
Djibouti,2004,47.33
Djibouti,2003,47.31
Djibouti,2002,47.29
Djibouti,2001,47.26
Djibouti,2000,47.24
Dominica,2015,77.89
Dominica,2014,77.89
Dominica,2013,77.89
Dominica,2012,77.89
Dominica,2011,77.89
Dominica,2010,76.63
Dominica,2009,75.37
Dominica,2008,74.11
Dominica,2007,72.85
Dominica,2006,71.59
Dominica,2005,70.33
Dominica,2004,69.07
Dominica,2003,67.81
Dominica,2002,66.55
Dominica,2001,65.29
Dominica,2000,64.03
Dominican Republic,2017,83.89
Dominican Republic,2016,83.54
Dominican Republic,2015,83.18
Dominican Republic,2014,82.83
Dominican Republic,2013,82.47
Dominican Republic,2012,82.12
Dominican Republic,2011,81.76
Dominican Republic,2010,81.39
Dominican Republic,2009,81.01
Dominican Republic,2008,80.63
Dominican Republic,2007,80.25
Dominican Republic,2006,79.87
Dominican Republic,2005,79.49
Dominican Republic,2004,79.11
Dominican Republic,2003,78.73
Dominican Republic,2002,78.37
Dominican Republic,2001,78.06
Dominican Republic,2000,77.75
Ecuador,2017,87.99
Ecuador,2016,87.18
Ecuador,2015,86.1
Ecuador,2014,85
Ecuador,2013,83.89
Ecuador,2012,82.78
Ecuador,2011,81.67
Ecuador,2010,80.56
Ecuador,2009,79.43
Ecuador,2008,78.31
Ecuador,2007,77.18
Ecuador,2006,76.05
Ecuador,2005,74.91
Ecuador,2004,73.77
Ecuador,2003,72.78
Ecuador,2002,71.79
Ecuador,2001,70.76
Ecuador,2000,69.67
Egypt,2017,94.19
Egypt,2016,94.08
Egypt,2015,93.97
Egypt,2014,93.85
Egypt,2013,93.74
Egypt,2012,93.63
Egypt,2011,93.51
Egypt,2010,93.4
Egypt,2009,93.28
Egypt,2008,93.17
Egypt,2007,93.05
Egypt,2006,92.93
Egypt,2005,92.81
Egypt,2004,92.7
Egypt,2003,92.58
Egypt,2002,92.46
Egypt,2001,92.34
Egypt,2000,92.22
El Salvador,2017,87.43
El Salvador,2016,87.23
El Salvador,2015,87.01
El Salvador,2014,86.78
El Salvador,2013,86.54
El Salvador,2012,86.29
El Salvador,2011,86.03
El Salvador,2010,85.76
El Salvador,2009,85.47
El Salvador,2008,85.17
El Salvador,2007,84.86
El Salvador,2006,84.58
El Salvador,2005,84.3
El Salvador,2004,84
El Salvador,2003,83.7
El Salvador,2002,83.38
El Salvador,2001,83.29
El Salvador,2000,83.2
Equatorial Guinea,2017,66.31
Equatorial Guinea,2016,66.25
Equatorial Guinea,2015,66.18
Equatorial Guinea,2014,66.12
Equatorial Guinea,2013,66.05
Equatorial Guinea,2012,65.41
Equatorial Guinea,2011,64.63
Equatorial Guinea,2010,63.83
Equatorial Guinea,2009,63.01
Equatorial Guinea,2008,62.18
Equatorial Guinea,2007,61.32
Equatorial Guinea,2006,60.44
Equatorial Guinea,2005,59.55
Equatorial Guinea,2004,58.63
Equatorial Guinea,2003,57.7
Equatorial Guinea,2002,56.75
Equatorial Guinea,2001,55.78
Equatorial Guinea,2000,54.79
Eritrea,2016,11.94
Eritrea,2015,11.84
Eritrea,2014,11.74
Eritrea,2013,11.64
Eritrea,2012,11.54
Eritrea,2011,11.37
Eritrea,2010,11.2
Eritrea,2009,11.02
Eritrea,2008,10.83
Eritrea,2007,10.56
Eritrea,2006,10.26
Eritrea,2005,9.96
Eritrea,2004,9.65
Eritrea,2003,9.32
Eritrea,2002,8.99
Eritrea,2001,8.64
Eritrea,2000,8.29
Estonia,2017,99.15
Estonia,2016,99.14
Estonia,2015,99.13
Estonia,2014,99.13
Estonia,2013,99.18
Estonia,2012,99.23
Estonia,2011,99.28
Estonia,2010,99.33
Estonia,2009,99.39
Estonia,2008,99.44
Estonia,2007,99.49
Estonia,2006,99.54
Estonia,2005,99.59
Estonia,2004,99.65
Estonia,2003,99.7
Estonia,2002,99.74
Estonia,2001,99.73
Estonia,2000,99.72
Eswatini,2017,58.35
Eswatini,2016,58.37
Eswatini,2015,57.87
Eswatini,2014,57.37
Eswatini,2013,56.87
Eswatini,2012,56.36
Eswatini,2011,55.84
Eswatini,2010,55.32
Eswatini,2009,54.8
Eswatini,2008,54.26
Eswatini,2007,53.72
Eswatini,2006,53.21
Eswatini,2005,52.71
Eswatini,2004,52.22
Eswatini,2003,51.74
Eswatini,2002,51.26
Eswatini,2001,50.79
Eswatini,2000,50.14
Ethiopia,2017,7.32
Ethiopia,2016,7.09
Ethiopia,2015,6.86
Ethiopia,2014,6.64
Ethiopia,2013,6.41
Ethiopia,2012,6.18
Ethiopia,2011,5.94
Ethiopia,2010,5.71
Ethiopia,2009,5.47
Ethiopia,2008,5.23
Ethiopia,2007,4.99
Ethiopia,2006,4.77
Ethiopia,2005,4.56
Ethiopia,2004,4.34
Ethiopia,2003,4.11
Ethiopia,2002,3.88
Ethiopia,2001,3.64
Ethiopia,2000,3.4
Fiji,2017,95.07
Fiji,2016,95.07
Fiji,2015,94.54
Fiji,2014,93.48
Fiji,2013,92.41
Fiji,2012,91.31
Fiji,2011,90.21
Fiji,2010,89.08
Fiji,2009,87.94
Fiji,2008,86.79
Fiji,2007,85.63
Fiji,2006,84.46
Fiji,2005,83.28
Fiji,2004,82.1
Fiji,2003,80.89
Fiji,2002,79.68
Fiji,2001,79.6
Fiji,2000,79.52
Finland,2017,99.45
Finland,2016,99.45
Finland,2015,99.45
Finland,2014,99.45
Finland,2013,99.45
Finland,2012,99.45
Finland,2011,99.45
Finland,2010,99.45
Finland,2009,99.45
Finland,2008,99.45
Finland,2007,99.45
Finland,2006,99.45
Finland,2005,99.45
Finland,2004,99.45
Finland,2003,99.45
Finland,2002,99.45
Finland,2001,99.45
Finland,2000,99.45
France,2017,98.65
France,2016,98.65
France,2015,98.65
France,2014,98.65
France,2013,98.65
France,2012,98.65
France,2011,98.65
France,2010,98.66
France,2009,98.66
France,2008,98.66
France,2007,98.66
France,2006,98.66
France,2005,98.66
France,2004,98.66
France,2003,98.66
France,2002,98.66
France,2001,98.66
France,2000,98.66
Gabon,2017,47.41
Gabon,2016,47.37
Gabon,2015,47.32
Gabon,2014,47.15
Gabon,2013,46.19
Gabon,2012,45.25
Gabon,2011,44.31
Gabon,2010,43.38
Gabon,2009,42.45
Gabon,2008,41.54
Gabon,2007,40.63
Gabon,2006,39.72
Gabon,2005,38.83
Gabon,2004,37.94
Gabon,2003,37.06
Gabon,2002,36.18
Gabon,2001,35.32
Gabon,2000,34.46
Gambia,2017,39.23
Gambia,2016,39.12
Gambia,2015,39.01
Gambia,2014,39.95
Gambia,2013,40.92
Gambia,2012,41.94
Gambia,2011,43
Gambia,2010,44.1
Gambia,2009,45.25
Gambia,2008,46.45
Gambia,2007,47.69
Gambia,2006,48.99
Gambia,2005,50.33
Gambia,2004,51.73
Gambia,2003,53.3
Gambia,2002,54.93
Gambia,2001,56.28
Gambia,2000,57.65
Georgia,2017,90.02
Georgia,2016,90.25
Georgia,2015,90.49
Georgia,2014,90.73
Georgia,2013,90.98
Georgia,2012,91.24
Georgia,2011,91.5
Georgia,2010,91.76
Georgia,2009,92.04
Georgia,2008,92.32
Georgia,2007,92.6
Georgia,2006,92.89
Georgia,2005,93.19
Georgia,2004,93.49
Georgia,2003,93.8
Georgia,2002,94.25
Georgia,2001,94.71
Georgia,2000,95.06
Germany,2017,99.23
Germany,2016,99.22
Germany,2015,99.22
Germany,2014,99.22
Germany,2013,99.22
Germany,2012,99.22
Germany,2011,99.22
Germany,2010,99.22
Germany,2009,99.22
Germany,2008,99.22
Germany,2007,99.22
Germany,2006,99.22
Germany,2005,99.22
Germany,2004,99.22
Germany,2003,99.22
Germany,2002,99.22
Germany,2001,99.22
Germany,2000,99.22
Ghana,2017,18.47
Ghana,2016,17.81
Ghana,2015,17.15
Ghana,2014,16.49
Ghana,2013,15.85
Ghana,2012,15.21
Ghana,2011,14.57
Ghana,2010,13.95
Ghana,2009,13.33
Ghana,2008,12.72
Ghana,2007,12.12
Ghana,2006,11.52
Ghana,2005,10.94
Ghana,2004,10.36
Ghana,2003,9.79
Ghana,2002,9.23
Ghana,2001,8.67
Ghana,2000,8.56
Greece,2017,98.98
Greece,2016,98.98
Greece,2015,98.98
Greece,2014,98.97
Greece,2013,98.65
Greece,2012,98.59
Greece,2011,98.51
Greece,2010,98.44
Greece,2009,98.37
Greece,2008,98.29
Greece,2007,98.21
Greece,2006,98.1
Greece,2005,97.81
Greece,2004,97.76
Greece,2003,97.7
Greece,2002,97.59
Greece,2001,97.46
Greece,2000,97.33
Grenada,2017,91.49
Grenada,2016,91.49
Grenada,2015,91.49
Grenada,2014,91.49
Grenada,2013,91.49
Grenada,2012,91.83
Grenada,2011,92.16
Grenada,2010,92.49
Grenada,2009,92.23
Grenada,2008,91.97
Grenada,2007,91.71
Grenada,2006,91.44
Grenada,2005,91.16
Grenada,2004,90.88
Grenada,2003,90.6
Grenada,2002,90.32
Grenada,2001,90.02
Grenada,2000,89.73
Guatemala,2017,65.06
Guatemala,2016,65.02
Guatemala,2015,64.98
Guatemala,2014,64.93
Guatemala,2013,64.87
Guatemala,2012,64.81
Guatemala,2011,64.74
Guatemala,2010,64.66
Guatemala,2009,64.57
Guatemala,2008,64.47
Guatemala,2007,64.37
Guatemala,2006,64.25
Guatemala,2005,64.12
Guatemala,2004,63.99
Guatemala,2003,63.84
Guatemala,2002,63.67
Guatemala,2001,63.49
Guatemala,2000,63.3
Guinea,2017,22.72
Guinea,2016,21.89
Guinea,2015,21.06
Guinea,2014,20.24
Guinea,2013,19.5
Guinea,2012,18.76
Guinea,2011,18.02
Guinea,2010,17.27
Guinea,2009,16.52
Guinea,2008,15.76
Guinea,2007,15
Guinea,2006,14.24
Guinea,2005,13.48
Guinea,2004,12.71
Guinea,2003,11.94
Guinea,2002,11.1
Guinea,2001,10.27
Guinea,2000,9.43
Guinea-Bissau,2017,20.54
Guinea-Bissau,2016,20.42
Guinea-Bissau,2015,19.82
Guinea-Bissau,2014,19.23
Guinea-Bissau,2013,18.64
Guinea-Bissau,2012,18.07
Guinea-Bissau,2011,17.49
Guinea-Bissau,2010,16.92
Guinea-Bissau,2009,16.36
Guinea-Bissau,2008,15.8
Guinea-Bissau,2007,15.25
Guinea-Bissau,2006,14.7
Guinea-Bissau,2005,14.16
Guinea-Bissau,2004,13.62
Guinea-Bissau,2003,13.12
Guinea-Bissau,2002,12.63
Guinea-Bissau,2001,12.14
Guinea-Bissau,2000,11.65
Guyana,2017,85.76
Guyana,2016,85.76
Guyana,2015,85.35
Guyana,2014,84.93
Guyana,2013,84.52
Guyana,2012,84.1
Guyana,2011,83.68
Guyana,2010,83.28
Guyana,2009,82.87
Guyana,2008,82.46
Guyana,2007,82.05
Guyana,2006,81.63
Guyana,2005,81.21
Guyana,2004,80.79
Guyana,2003,80.37
Guyana,2002,79.85
Guyana,2001,79.33
Guyana,2000,78.81
Haiti,2017,34.7
Haiti,2016,33.6
Haiti,2015,32.5
Haiti,2014,31.41
Haiti,2013,30.33
Haiti,2012,29.26
Haiti,2011,28.21
Haiti,2010,27.16
Haiti,2009,26.12
Haiti,2008,25.09
Haiti,2007,24.06
Haiti,2006,23.05
Haiti,2005,22.05
Haiti,2004,21.05
Haiti,2003,20.05
Haiti,2002,18.94
Haiti,2001,17.84
Haiti,2000,16.75
Honduras,2017,81.25
Honduras,2016,80.24
Honduras,2015,79.22
Honduras,2014,78.22
Honduras,2013,77.2
Honduras,2012,76.16
Honduras,2011,75.12
Honduras,2010,74.06
Honduras,2009,72.98
Honduras,2008,71.89
Honduras,2007,70.78
Honduras,2006,69.66
Honduras,2005,68.52
Honduras,2004,67.37
Honduras,2003,66.2
Honduras,2002,65.02
Honduras,2001,63.82
Honduras,2000,62.64
Hungary,2017,97.99
Hungary,2016,97.99
Hungary,2015,98
Hungary,2014,98
Hungary,2013,98
Hungary,2012,98
Hungary,2011,98
Hungary,2010,98.01
Hungary,2009,98.01
Hungary,2008,98.02
Hungary,2007,98.02
Hungary,2006,98.02
Hungary,2005,98.03
Hungary,2004,98.03
Hungary,2003,98.04
Hungary,2002,98.04
Hungary,2001,98.04
Hungary,2000,98.04
Iceland,2017,98.78
Iceland,2016,98.78
Iceland,2015,98.78
Iceland,2014,98.78
Iceland,2013,98.78
Iceland,2012,98.78
Iceland,2011,98.78
Iceland,2010,98.78
Iceland,2009,98.79
Iceland,2008,98.79
Iceland,2007,98.79
Iceland,2006,98.79
Iceland,2005,98.79
Iceland,2004,98.79
Iceland,2003,98.79
Iceland,2002,98.8
Iceland,2001,98.8
Iceland,2000,98.8
India,2017,59.54
India,2016,56.94
India,2015,54.35
India,2014,51.75
India,2013,49.17
India,2012,46.59
India,2011,44.03
India,2010,41.47
India,2009,38.92
India,2008,36.37
India,2007,33.83
India,2006,31.3
India,2005,28.78
India,2004,26.27
India,2003,23.76
India,2002,21.27
India,2001,18.78
India,2000,16.37
Indonesia,2017,73.13
Indonesia,2016,71.25
Indonesia,2015,69.38
Indonesia,2014,67.5
Indonesia,2013,65.62
Indonesia,2012,63.75
Indonesia,2011,61.87
Indonesia,2010,60
Indonesia,2009,58.1
Indonesia,2008,56.2
Indonesia,2007,54.3
Indonesia,2006,52.4
Indonesia,2005,50.5
Indonesia,2004,48.61
Indonesia,2003,46.72
Indonesia,2002,44.84
Indonesia,2001,42.96
Indonesia,2000,41.09
Iran (Islamic Republic of),2017,88.42
Iran (Islamic Republic of),2016,88.36
Iran (Islamic Republic of),2015,88.29
Iran (Islamic Republic of),2014,88.22
Iran (Islamic Republic of),2013,88.15
Iran (Islamic Republic of),2012,88.1
Iran (Islamic Republic of),2011,88.04
Iran (Islamic Republic of),2010,87.99
Iran (Islamic Republic of),2009,87.93
Iran (Islamic Republic of),2008,87.87
Iran (Islamic Republic of),2007,87.81
Iran (Islamic Republic of),2006,87.75
Iran (Islamic Republic of),2005,87.68
Iran (Islamic Republic of),2004,87.61
Iran (Islamic Republic of),2003,87.52
Iran (Islamic Republic of),2002,87.43
Iran (Islamic Republic of),2001,87.34
Iran (Islamic Republic of),2000,87.25
Iraq,2017,94.12
Iraq,2016,92.43
Iraq,2015,90.74
Iraq,2014,89.07
Iraq,2013,87.4
Iraq,2012,85.74
Iraq,2011,84.09
Iraq,2010,82.44
Iraq,2009,80.82
Iraq,2008,79.21
Iraq,2007,77.61
Iraq,2006,76.02
Iraq,2005,74.45
Iraq,2004,72.88
Iraq,2003,72.41
Iraq,2002,71.94
Iraq,2001,71.47
Iraq,2000,71
Ireland,2017,91.25
Ireland,2016,91.15
Ireland,2015,91.05
Ireland,2014,90.95
Ireland,2013,90.85
Ireland,2012,90.75
Ireland,2011,90.65
Ireland,2010,90.55
Ireland,2009,90.44
Ireland,2008,90.34
Ireland,2007,90.24
Ireland,2006,90.14
Ireland,2005,90.04
Ireland,2004,89.94
Ireland,2003,89.84
Ireland,2002,89.74
Ireland,2001,89.64
Ireland,2000,89.54
Israel,2017,100
Israel,2016,100
Israel,2015,100
Israel,2014,100
Israel,2013,100
Israel,2012,100
Israel,2011,100
Israel,2010,100
Israel,2009,100
Israel,2008,100
Israel,2007,100
Israel,2006,100
Israel,2005,100
Israel,2004,100
Israel,2003,100
Israel,2002,100
Israel,2001,100
Israel,2000,100
Italy,2017,98.77
Italy,2016,98.77
Italy,2015,98.77
Italy,2014,98.77
Italy,2013,98.77
Italy,2012,98.77
Italy,2011,98.77
Italy,2010,98.77
Italy,2009,98.77
Italy,2008,98.77
Italy,2007,98.77
Italy,2006,98.77
Jamaica,2017,87.31
Jamaica,2016,87.32
Jamaica,2015,86.95
Jamaica,2014,86.57
Jamaica,2013,86.18
Jamaica,2012,85.8
Jamaica,2011,85.42
Jamaica,2010,85.04
Jamaica,2009,84.65
Jamaica,2008,84.27
Jamaica,2007,83.89
Jamaica,2006,83.5
Jamaica,2005,83.12
Jamaica,2004,82.73
Jamaica,2003,82.35
Jamaica,2002,82.23
Jamaica,2001,82.11
Jamaica,2000,81.99
Japan,2017,99.89
Japan,2016,99.9
Japan,2015,99.91
Japan,2014,99.92
Japan,2013,99.93
Japan,2012,99.93
Japan,2011,99.94
Japan,2010,99.95
Japan,2009,99.96
Japan,2008,99.96
Japan,2007,99.97
Japan,2006,99.98
Japan,2005,99.99
Japan,2004,99.99
Japan,2003,100
Japan,2002,100
Japan,2001,100
Japan,2000,100
Jordan,2017,97.34
Jordan,2016,97.43
Jordan,2015,97.53
Jordan,2014,97.62
Jordan,2013,97.69
Jordan,2012,97.76
Jordan,2011,97.82
Jordan,2010,97.89
Jordan,2009,97.95
Jordan,2008,98.02
Jordan,2007,98.09
Jordan,2006,98.15
Jordan,2005,98.22
Jordan,2004,98.29
Jordan,2003,98.37
Jordan,2002,98.45
Jordan,2001,98.46
Jordan,2000,98.46
Kazakhstan,2017,97.87
Kazakhstan,2016,97.81
Kazakhstan,2015,97.74
Kazakhstan,2014,97.67
Kazakhstan,2013,97.6
Kazakhstan,2012,97.53
Kazakhstan,2011,97.46
Kazakhstan,2010,97.4
Kazakhstan,2009,97.33
Kazakhstan,2008,97.26
Kazakhstan,2007,97.19
Kazakhstan,2006,97.12
Kazakhstan,2005,97.05
Kazakhstan,2004,96.98
Kazakhstan,2003,96.92
Kazakhstan,2002,96.86
Kazakhstan,2001,96.8
Kazakhstan,2000,96.8
Kenya,2017,29.05
Kenya,2016,29.3
Kenya,2015,29.55
Kenya,2014,29.8
Kenya,2013,30.06
Kenya,2012,30.32
Kenya,2011,30.59
Kenya,2010,30.86
Kenya,2009,31.13
Kenya,2008,31.41
Kenya,2007,31.69
Kenya,2006,31.98
Kenya,2005,32.27
Kenya,2004,32.56
Kenya,2003,32.86
Kenya,2002,33.16
Kenya,2001,33.46
Kenya,2000,33.59
Kiribati,2017,47.8
Kiribati,2016,46.59
Kiribati,2015,45.36
Kiribati,2014,44.11
Kiribati,2013,42.84
Kiribati,2012,41.55
Kiribati,2011,40.25
Kiribati,2010,38.92
Kiribati,2009,37.58
Kiribati,2008,36.22
Kiribati,2007,34.84
Kiribati,2006,33.24
Kiribati,2005,31.65
Kiribati,2004,30.06
Kiribati,2003,28.46
Kiribati,2002,26.87
Kiribati,2001,25.28
Kiribati,2000,23.69
Kuwait,2017,100
Kuwait,2016,100
Kuwait,2015,100
Kuwait,2014,100
Kuwait,2013,100
Kuwait,2012,100
Kuwait,2011,100
Kuwait,2010,100
Kuwait,2009,100
Kuwait,2008,100
Kuwait,2007,100
Kuwait,2006,100
Kuwait,2005,100
Kuwait,2004,100
Kuwait,2003,100
Kuwait,2002,100
Kuwait,2001,100
Kuwait,2000,100
Kyrgyzstan,2017,96.51
Kyrgyzstan,2016,96.52
Kyrgyzstan,2015,96.54
Kyrgyzstan,2014,96.56
Kyrgyzstan,2013,96.34
Kyrgyzstan,2012,96.03
Kyrgyzstan,2011,95.71
Kyrgyzstan,2010,95.4
Kyrgyzstan,2009,95.08
Kyrgyzstan,2008,94.77
Kyrgyzstan,2007,94.45
Kyrgyzstan,2006,94.14
Kyrgyzstan,2005,93.82
Kyrgyzstan,2004,93.51
Kyrgyzstan,2003,93.17
Kyrgyzstan,2002,92.83
Kyrgyzstan,2001,92.49
Kyrgyzstan,2000,92.49
Lao People's Democratic Republic,2017,74.46
Lao People's Democratic Republic,2016,71.93
Lao People's Democratic Republic,2015,69.39
Lao People's Democratic Republic,2014,66.83
Lao People's Democratic Republic,2013,64.26
Lao People's Democratic Republic,2012,61.67
Lao People's Democratic Republic,2011,59.07
Lao People's Democratic Republic,2010,56.45
Lao People's Democratic Republic,2009,53.83
Lao People's Democratic Republic,2008,51.18
Lao People's Democratic Republic,2007,48.52
Lao People's Democratic Republic,2006,45.85
Lao People's Democratic Republic,2005,43.16
Lao People's Democratic Republic,2004,40.28
Lao People's Democratic Republic,2003,37.31
Lao People's Democratic Republic,2002,34.31
Lao People's Democratic Republic,2001,31.31
Lao People's Democratic Republic,2000,28.3
Latvia,2017,92.15
Latvia,2016,91.78
Latvia,2015,91.42
Latvia,2014,91.05
Latvia,2013,90.88
Latvia,2012,90.7
Latvia,2011,90.52
Latvia,2010,90.33
Latvia,2009,90.15
Latvia,2008,89.97
Latvia,2007,89.81
Latvia,2006,89.64
Latvia,2005,89.46
Latvia,2004,89.26
Latvia,2003,89.05
Latvia,2002,88.79
Latvia,2001,88.45
Latvia,2000,88.48
Lebanon,2017,98.48
Lebanon,2016,96.92
Lebanon,2015,95.36
Lebanon,2014,93.8
Lebanon,2013,92.24
Lebanon,2012,90.67
Lebanon,2011,89.11
Lebanon,2010,87.55
Lebanon,2009,85.99
Lebanon,2008,84.43
Lebanon,2007,82.87
Lebanon,2006,81.31
Lebanon,2005,79.74
Lebanon,2004,78.18
Lebanon,2003,76.62
Lebanon,2002,75.06
Lebanon,2001,75.06
Lebanon,2000,75.06
Lesotho,2017,42.75
Lesotho,2016,40.77
Lesotho,2015,39.06
Lesotho,2014,37.32
Lesotho,2013,35.54
Lesotho,2012,33.72
Lesotho,2011,31.87
Lesotho,2010,29.98
Lesotho,2009,28.05
Lesotho,2008,26.09
Lesotho,2007,24.09
Lesotho,2006,22.06
Lesotho,2005,19.97
Lesotho,2004,17.86
Lesotho,2003,15.7
Lesotho,2002,13.51
Lesotho,2001,11.21
Lesotho,2000,8.9
Liberia,2017,16.97
Liberia,2016,16.83
Liberia,2015,16.69
Liberia,2014,16.54
Liberia,2013,16.39
Liberia,2012,16.23
Liberia,2011,16.08
Liberia,2010,15.92
Liberia,2009,15.75
Liberia,2008,15.59
Liberia,2007,15.42
Liberia,2006,15.25
Liberia,2005,15.08
Liberia,2004,14.76
Liberia,2003,14.44
Liberia,2002,14.13
Liberia,2001,13.82
Liberia,2000,13.52
Libya,2017,100
Libya,2016,100
Libya,2015,99.86
Libya,2014,99.7
Libya,2013,99.54
Libya,2012,99.37
Libya,2011,99.21
Libya,2010,99.05
Libya,2009,98.88
Libya,2008,98.72
Libya,2007,98.56
Libya,2006,98.39
Libya,2005,98.23
Libya,2004,98.07
Libya,2003,97.91
Libya,2002,97.74
Libya,2001,97.58
Libya,2000,97.42
Lithuania,2017,93.35
Lithuania,2016,92.81
Lithuania,2015,92.27
Lithuania,2014,91.72
Lithuania,2013,91.18
Lithuania,2012,90.63
Lithuania,2011,90.08
Lithuania,2010,89.55
Lithuania,2009,89.04
Lithuania,2008,88.51
Lithuania,2007,87.97
Lithuania,2006,87.42
Lithuania,2005,86.88
Lithuania,2004,86.35
Lithuania,2003,85.84
Lithuania,2002,85.33
Lithuania,2001,84.83
Lithuania,2000,84.32
Luxembourg,2017,97.6
Luxembourg,2016,97.61
Luxembourg,2015,97.61
Luxembourg,2014,97.62
Luxembourg,2013,97.62
Luxembourg,2012,97.63
Luxembourg,2011,97.63
Luxembourg,2010,97.64
Luxembourg,2009,97.65
Luxembourg,2008,97.65
Luxembourg,2007,97.66
Luxembourg,2006,97.67
Luxembourg,2005,97.67
Luxembourg,2004,97.68
Luxembourg,2003,97.69
Luxembourg,2002,97.7
Luxembourg,2001,97.7
Luxembourg,2000,97.71
Madagascar,2017,10.51
Madagascar,2016,10.12
Madagascar,2015,9.74
Madagascar,2014,9.36
Madagascar,2013,8.99
Madagascar,2012,8.62
Madagascar,2011,8.26
Madagascar,2010,7.9
Madagascar,2009,7.54
Madagascar,2008,7.19
Madagascar,2007,6.84
Madagascar,2006,6.49
Madagascar,2005,6.15
Madagascar,2004,5.8
Madagascar,2003,5.49
Madagascar,2002,5.17
Madagascar,2001,4.86
Madagascar,2000,4.55
Malawi,2017,26.23
Malawi,2016,25.9
Malawi,2015,25.58
Malawi,2014,25.26
Malawi,2013,24.94
Malawi,2012,24.62
Malawi,2011,24.3
Malawi,2010,23.98
Malawi,2009,23.66
Malawi,2008,23.34
Malawi,2007,23.03
Malawi,2006,22.71
Malawi,2005,22.39
Malawi,2004,22.07
Malawi,2003,21.76
Malawi,2002,21.44
Malawi,2001,21.12
Malawi,2000,20.8
Malaysia,2017,99.57
Malaysia,2016,99.56
Malaysia,2015,99.56
Malaysia,2014,99.55
Malaysia,2013,99.38
Malaysia,2012,99.2
Malaysia,2011,99.02
Malaysia,2010,98.84
Malaysia,2009,98.66
Malaysia,2008,98.47
Malaysia,2007,98.27
Malaysia,2006,98.07
Malaysia,2005,97.87
Malaysia,2004,97.67
Malaysia,2003,97.46
Malaysia,2002,97.24
Malaysia,2001,97.02
Malaysia,2000,96.8
Maldives,2017,99.37
Maldives,2016,99.21
Maldives,2015,99.05
Maldives,2014,97.64
Maldives,2013,96.03
Maldives,2012,94.4
Maldives,2011,92.76
Maldives,2010,91.11
Maldives,2009,89.46
Maldives,2008,87.79
Maldives,2007,86.11
Maldives,2006,84.57
Maldives,2005,82.9
Maldives,2004,81.16
Maldives,2003,79.38
Maldives,2002,77.55
Maldives,2001,75.7
Maldives,2000,73.8
Mali,2017,39.34
Mali,2016,37.75
Mali,2015,36.18
Mali,2014,34.65
Mali,2013,33.13
Mali,2012,31.64
Mali,2011,30.19
Mali,2010,28.75
Mali,2009,27.35
Mali,2008,25.98
Mali,2007,24.64
Mali,2006,23.33
Mali,2005,22.05
Mali,2004,20.81
Mali,2003,19.6
Mali,2002,18.43
Mali,2001,17.29
Mali,2000,16.19
Malta,2017,99.96
Malta,2016,99.96
Malta,2015,99.96
Malta,2014,99.96
Malta,2013,99.97
Malta,2012,99.97
Malta,2011,99.97
Malta,2010,99.98
Malta,2009,99.98
Malta,2008,99.98
Malta,2007,99.98
Malta,2006,99.99
Malta,2005,99.99
Malta,2004,99.99
Malta,2003,100
Malta,2002,100
Malta,2001,100
Malta,2000,100
Marshall Islands,2017,83.49
Marshall Islands,2016,83.23
Marshall Islands,2015,82.97
Marshall Islands,2014,82.71
Marshall Islands,2013,82.44
Marshall Islands,2012,82.17
Marshall Islands,2011,81.9
Marshall Islands,2010,81.63
Marshall Islands,2009,81.36
Marshall Islands,2008,81.09
Marshall Islands,2007,80.82
Marshall Islands,2006,80.55
Marshall Islands,2005,80.28
Marshall Islands,2004,80.12
Marshall Islands,2003,79.97
Marshall Islands,2002,79.82
Marshall Islands,2001,79.66
Mauritania,2017,48.44
Mauritania,2016,45.93
Mauritania,2015,43.5
Mauritania,2014,41.14
Mauritania,2013,38.86
Mauritania,2012,36.64
Mauritania,2011,34.51
Mauritania,2010,32.44
Mauritania,2009,30.46
Mauritania,2008,28.54
Mauritania,2007,26.69
Mauritania,2006,24.91
Mauritania,2005,23.19
Mauritania,2004,22
Mauritania,2003,20.81
Mauritania,2002,19.65
Mauritania,2001,18.49
Mauritania,2000,17.44
Mauritius,2017,95.5
Mauritius,2016,95.51
Mauritius,2015,95.51
Mauritius,2014,95.51
Mauritius,2013,95.51
Mauritius,2012,95.08
Mauritius,2011,94.66
Mauritius,2010,94.23
Mauritius,2009,93.81
Mauritius,2008,93.39
Mauritius,2007,92.97
Mauritius,2006,92.55
Mauritius,2005,92.14
Mauritius,2004,91.72
Mauritius,2003,91.31
Mauritius,2002,90.9
Mauritius,2001,90.49
Mauritius,2000,90.08
Mexico,2017,91.18
Mexico,2016,90.3
Mexico,2015,89.42
Mexico,2014,88.52
Mexico,2013,87.62
Mexico,2012,86.72
Mexico,2011,85.8
Mexico,2010,84.88
Mexico,2009,83.95
Mexico,2008,83.02
Mexico,2007,82.07
Mexico,2006,81.12
Mexico,2005,80.15
Mexico,2004,79.18
Mexico,2003,78.2
Mexico,2002,77.21
Mexico,2001,76.21
Mexico,2000,75.2
Micronesia (Federated States of),2017,88.31
Micronesia (Federated States of),2016,88.31
Micronesia (Federated States of),2015,88.31
Micronesia (Federated States of),2014,84.06
Micronesia (Federated States of),2013,79.8
Micronesia (Federated States of),2012,75.55
Micronesia (Federated States of),2011,71.29
Micronesia (Federated States of),2010,67.04
Micronesia (Federated States of),2009,62.79
Micronesia (Federated States of),2008,58.53
Micronesia (Federated States of),2007,54.28
Micronesia (Federated States of),2006,50.03
Micronesia (Federated States of),2005,45.77
Micronesia (Federated States of),2004,41.52
Micronesia (Federated States of),2003,37.27
Micronesia (Federated States of),2002,33.01
Micronesia (Federated States of),2001,28.76
Micronesia (Federated States of),2000,24.5
Monaco,2017,100
Monaco,2016,100
Monaco,2015,100
Monaco,2014,100
Monaco,2013,100
Monaco,2012,100
Monaco,2011,100
Monaco,2010,100
Monaco,2009,100
Monaco,2008,100
Monaco,2007,100
Monaco,2006,100
Monaco,2005,100
Monaco,2004,100
Monaco,2003,100
Monaco,2002,100
Monaco,2001,100
Monaco,2000,100
Mongolia,2017,58.48
Mongolia,2016,58.46
Mongolia,2015,57.98
Mongolia,2014,57.5
Mongolia,2013,57.03
Mongolia,2012,56.55
Mongolia,2011,56.09
Mongolia,2010,55.52
Mongolia,2009,54.77
Mongolia,2008,54
Mongolia,2007,53.22
Mongolia,2006,52.42
Mongolia,2005,51.6
Mongolia,2004,50.77
Mongolia,2003,49.92
Mongolia,2002,49.28
Mongolia,2001,48.63
Mongolia,2000,47.96
Montenegro,2017,97.77
Montenegro,2016,97.75
Montenegro,2015,97.73
Montenegro,2014,97.23
Montenegro,2013,96.38
Montenegro,2012,95.49
Montenegro,2011,94.61
Montenegro,2010,93.74
Montenegro,2009,92.87
Montenegro,2008,92
Montenegro,2007,91.14
Montenegro,2006,90.28
Morocco,2017,88.5
Morocco,2016,88.42
Morocco,2015,87.54
Morocco,2014,86.65
Morocco,2013,85.74
Morocco,2012,84.2
Morocco,2011,82.65
Morocco,2010,81.1
Morocco,2009,79.54
Morocco,2008,77.98
Morocco,2007,76.41
Morocco,2006,74.84
Morocco,2005,73.27
Morocco,2004,71.7
Morocco,2003,70.05
Morocco,2002,68.42
Morocco,2001,66.79
Morocco,2000,65.71
Mozambique,2017,29.36
Mozambique,2016,28.11
Mozambique,2015,26.87
Mozambique,2014,25.64
Mozambique,2013,24.43
Mozambique,2012,23.22
Mozambique,2011,22.03
Mozambique,2010,20.86
Mozambique,2009,19.69
Mozambique,2008,18.54
Mozambique,2007,17.41
Mozambique,2006,16.39
Mozambique,2005,15.37
Mozambique,2004,14.37
Mozambique,2003,13.37
Mozambique,2002,12.38
Mozambique,2001,11.41
Mozambique,2000,10.46
Myanmar,2017,64.33
Myanmar,2016,64.71
Myanmar,2015,65.09
Myanmar,2014,65.47
Myanmar,2013,65.86
Myanmar,2012,66.24
Myanmar,2011,66.63
Myanmar,2010,67.01
Myanmar,2009,67.4
Myanmar,2008,67.78
Myanmar,2007,68.17
Myanmar,2006,68.56
Myanmar,2005,68.95
Myanmar,2004,69.33
Myanmar,2003,69.72
Myanmar,2002,70.11
Myanmar,2001,70.5
Myanmar,2000,70.89
Namibia,2017,34.5
Namibia,2016,34.21
Namibia,2015,33.9
Namibia,2014,33.57
Namibia,2013,33.23
Namibia,2012,32.87
Namibia,2011,32.51
Namibia,2010,32.14
Namibia,2009,31.76
Namibia,2008,31.37
Namibia,2007,30.97
Namibia,2006,30.55
Namibia,2005,30.13
Namibia,2004,29.7
Namibia,2003,29.26
Namibia,2002,28.82
Namibia,2001,28.39
Namibia,2000,28.11
Nauru,2017,65.6
Nauru,2016,65.6
Nauru,2015,65.6
Nauru,2014,65.6
Nauru,2013,65.6
Nauru,2012,65.6
Nauru,2011,65.61
Nauru,2010,65.62
Nauru,2009,65.63
Nauru,2008,65.64
Nauru,2007,65.64
Nauru,2006,65.65
Nauru,2005,65.66
Nauru,2004,65.67
Nauru,2003,65.68
Nauru,2002,65.69
Nauru,2001,65.69
Nauru,2000,65.7
Nepal,2017,62.05
Nepal,2016,58.87
Nepal,2015,55.74
Nepal,2014,52.66
Nepal,2013,49.63
Nepal,2012,46.66
Nepal,2011,43.73
Nepal,2010,40.86
Nepal,2009,38.05
Nepal,2008,35.29
Nepal,2007,32.58
Nepal,2006,29.93
Nepal,2005,27.33
Nepal,2004,24.79
Nepal,2003,22.3
Nepal,2002,19.87
Nepal,2001,17.49
Nepal,2000,15.12
Netherlands,2017,97.71
Netherlands,2016,97.72
Netherlands,2015,97.74
Netherlands,2014,97.75
Netherlands,2013,97.76
Netherlands,2012,97.77
Netherlands,2011,97.79
Netherlands,2010,97.81
Netherlands,2009,97.83
Netherlands,2008,97.85
Netherlands,2007,97.87
Netherlands,2006,97.89
Netherlands,2005,97.92
Netherlands,2004,97.94
Netherlands,2003,97.97
Netherlands,2002,98
Netherlands,2001,98.03
Netherlands,2000,98.06
New Zealand,2017,100
New Zealand,2016,100
New Zealand,2015,100
New Zealand,2014,100
New Zealand,2013,100
New Zealand,2012,100
New Zealand,2011,100
New Zealand,2010,100
New Zealand,2009,100
New Zealand,2008,100
New Zealand,2007,100
New Zealand,2006,100
New Zealand,2005,100
New Zealand,2004,100
New Zealand,2003,100
New Zealand,2002,100
New Zealand,2001,100
New Zealand,2000,100
Nicaragua,2017,74.43
Nicaragua,2016,74.39
Nicaragua,2015,73.39
Nicaragua,2014,72.4
Nicaragua,2013,71.4
Nicaragua,2012,70.4
Nicaragua,2011,69.4
Nicaragua,2010,68.39
Nicaragua,2009,67.39
Nicaragua,2008,66.39
Nicaragua,2007,65.38
Nicaragua,2006,64.37
Nicaragua,2005,63.36
Nicaragua,2004,62.37
Nicaragua,2003,61.37
Nicaragua,2002,60.37
Nicaragua,2001,59.37
Nicaragua,2000,58.37
Niger,2017,13.57
Niger,2016,13.16
Niger,2015,12.75
Niger,2014,12.33
Niger,2013,11.91
Niger,2012,11.47
Niger,2011,11.02
Niger,2010,10.56
Niger,2009,10.09
Niger,2008,9.6
Niger,2007,9.1
Niger,2006,8.58
Niger,2005,8.06
Niger,2004,7.51
Niger,2003,6.91
Niger,2002,6.3
Niger,2001,5.7
Niger,2000,5.07
Nigeria,2017,39.17
Nigeria,2016,38.41
Nigeria,2015,37.68
Nigeria,2014,36.96
Nigeria,2013,36.27
Nigeria,2012,35.59
Nigeria,2011,34.94
Nigeria,2010,34.31
Nigeria,2009,33.7
Nigeria,2008,33.1
Nigeria,2007,32.53
Nigeria,2006,31.98
Nigeria,2005,31.44
Nigeria,2004,30.93
Nigeria,2003,30.43
Nigeria,2002,29.95
Nigeria,2001,29.49
Nigeria,2000,29.52
Niue,2017,96.77
Niue,2016,96.77
Niue,2015,96.77
Niue,2014,96.77
Niue,2013,96.77
Niue,2012,97.23
Niue,2011,97.69
Niue,2010,98.16
Niue,2009,98.62
Niue,2008,99.08
Niue,2007,99.54
Niue,2006,100
Niue,2005,100
Niue,2004,100
Niue,2003,100
Niue,2002,100
Niue,2001,100
Niue,2000,100
Norway,2017,98.05
Norway,2016,98.06
Norway,2015,98.06
Norway,2014,98.06
Norway,2013,98.06
Norway,2012,98.06
Norway,2011,98.06
Norway,2010,98.06
Norway,2009,98.06
Norway,2008,98.06
Norway,2007,98.07
Norway,2006,98.07
Norway,2005,98.07
Norway,2004,98.07
Norway,2003,98.07
Norway,2002,98.07
Norway,2001,98.07
Norway,2000,98.07
Oman,2017,100
Oman,2016,100
Oman,2015,100
Oman,2014,99.84
Oman,2013,99.54
Oman,2012,98.88
Oman,2011,97.99
Oman,2010,97.07
Oman,2009,96.17
Oman,2008,95.26
Oman,2007,94.33
Oman,2006,93.38
Oman,2005,92.42
Oman,2004,91.45
Oman,2003,90.5
Oman,2002,89.59
Oman,2001,88.69
Oman,2000,88.69
Pakistan,2017,59.87
Pakistan,2016,58.26
Pakistan,2015,56.64
Pakistan,2014,55.19
Pakistan,2013,53.71
Pakistan,2012,52.2
Pakistan,2011,50.66
Pakistan,2010,49.07
Pakistan,2009,47.46
Pakistan,2008,45.81
Pakistan,2007,44.12
Pakistan,2006,42.4
Pakistan,2005,40.64
Pakistan,2004,38.8
Pakistan,2003,36.95
Pakistan,2002,35.1
Pakistan,2001,33.24
Pakistan,2000,31.37
Palau,2017,100
Palau,2016,100
Palau,2015,100
Palau,2014,100
Palau,2013,99.94
Palau,2012,99.88
Palau,2011,99.82
Palau,2010,99.76
Palau,2009,99.7
Palau,2008,99.63
Palau,2007,99.57
Palau,2006,99.5
Palau,2005,99.44
Palau,2004,99.37
Palau,2003,99.3
Palau,2002,99.3
Palau,2001,99.3
Palau,2000,99.3
Panama,2017,83.32
Panama,2016,82.23
Panama,2015,81.14
Panama,2014,79.75
Panama,2013,78.36
Panama,2012,76.98
Panama,2011,75.61
Panama,2010,74.24
Panama,2009,72.88
Panama,2008,71.53
Panama,2007,70.17
Panama,2006,68.83
Panama,2005,67.48
Panama,2004,66.15
Panama,2003,64.81
Panama,2002,63.48
Panama,2001,62.15
Panama,2000,61.07
Papua New Guinea,2017,12.95
Papua New Guinea,2016,13.54
Papua New Guinea,2015,14.13
Papua New Guinea,2014,14.73
Papua New Guinea,2013,15.33
Papua New Guinea,2012,15.94
Papua New Guinea,2011,16.55
Papua New Guinea,2010,17.16
Papua New Guinea,2009,17.76
Papua New Guinea,2008,18.37
Papua New Guinea,2007,18.99
Papua New Guinea,2006,19.61
Papua New Guinea,2005,20.22
Papua New Guinea,2004,20.84
Papua New Guinea,2003,20.85
Papua New Guinea,2002,20.86
Papua New Guinea,2001,20.87
Papua New Guinea,2000,20.88
Paraguay,2017,89.78
Paraguay,2016,88.73
Paraguay,2015,87.67
Paraguay,2014,86.6
Paraguay,2013,85.52
Paraguay,2012,84.43
Paraguay,2011,83.32
Paraguay,2010,82.21
Paraguay,2009,81.09
Paraguay,2008,79.96
Paraguay,2007,78.82
Paraguay,2006,77.67
Paraguay,2005,76.51
Paraguay,2004,75.34
Paraguay,2003,74.16
Paraguay,2002,72.95
Paraguay,2001,71.66
Paraguay,2000,70.34
Peru,2017,74.34
Peru,2016,73.85
Peru,2015,73.34
Peru,2014,72.83
Peru,2013,72.32
Peru,2012,71.79
Peru,2011,71.26
Peru,2010,70.72
Peru,2009,70.17
Peru,2008,69.62
Peru,2007,69.03
Peru,2006,68.39
Peru,2005,67.73
Peru,2004,67.05
Peru,2003,66.36
Peru,2002,65.66
Peru,2001,64.94
Peru,2000,64.2
Philippines,2017,76.53
Philippines,2016,75.4
Philippines,2015,74.26
Philippines,2014,73.14
Philippines,2013,72.02
Philippines,2012,70.91
Philippines,2011,69.8
Philippines,2010,68.7
Philippines,2009,67.64
Philippines,2008,66.6
Philippines,2007,65.57
Philippines,2006,64.55
Philippines,2005,64.14
Philippines,2004,63.74
Philippines,2003,63.34
Philippines,2002,62.93
Philippines,2001,62.53
Philippines,2000,62.13
Poland,2017,98.8
Poland,2016,98.38
Poland,2015,97.69
Poland,2014,97
Poland,2013,96.32
Poland,2012,95.63
Poland,2011,94.95
Poland,2010,94.28
Poland,2009,93.6
Poland,2008,92.93
Poland,2007,92.26
Poland,2006,91.59
Poland,2005,90.92
Poland,2004,90.26
Poland,2003,89.59
Poland,2002,88.94
Poland,2001,88.26
Poland,2000,87.57
Portugal,2017,99.61
Portugal,2016,99.57
Portugal,2015,99.44
Portugal,2014,99.32
Portugal,2013,99.19
Portugal,2012,99.06
Portugal,2011,98.92
Portugal,2010,98.79
Portugal,2009,98.65
Portugal,2008,98.51
Portugal,2007,98.37
Portugal,2006,98.23
Portugal,2005,98.08
Portugal,2004,97.93
Portugal,2003,97.78
Portugal,2002,97.63
Portugal,2001,97.47
Portugal,2000,97.32
Qatar,2017,100
Qatar,2016,100
Qatar,2015,100
Qatar,2014,100
Qatar,2013,100
Qatar,2012,100
Qatar,2011,100
Qatar,2010,100
Qatar,2009,100
Qatar,2008,99.99
Qatar,2007,99.99
Qatar,2006,99.99
Qatar,2005,99.99
Qatar,2004,99.99
Qatar,2003,99.99
Qatar,2002,99.99
Qatar,2001,99.99
Qatar,2000,99.99
Republic of Korea,2017,100
Republic of Korea,2016,100
Republic of Korea,2015,100
Republic of Korea,2014,100
Republic of Korea,2013,100
Republic of Korea,2012,100
Republic of Korea,2011,100
Republic of Korea,2010,100
Republic of Korea,2009,100
Republic of Korea,2008,100
Republic of Korea,2007,100
Republic of Korea,2006,100
Republic of Korea,2005,100
Republic of Korea,2004,100
Republic of Korea,2003,100
Republic of Korea,2002,100
Republic of Korea,2001,100
Republic of Korea,2000,100
Republic of Moldova,2017,76.31
Republic of Moldova,2016,75.83
Republic of Moldova,2015,75.35
Republic of Moldova,2014,74.88
Republic of Moldova,2013,74.96
Republic of Moldova,2012,75.04
Republic of Moldova,2011,75.11
Republic of Moldova,2010,75.17
Republic of Moldova,2009,75.22
Republic of Moldova,2008,75.27
Republic of Moldova,2007,75.31
Republic of Moldova,2006,75.34
Republic of Moldova,2005,75.36
Republic of Moldova,2004,75.42
Republic of Moldova,2003,75.52
Republic of Moldova,2002,75.11
Republic of Moldova,2001,74.71
Republic of Moldova,2000,74.31
The former Yugoslav Republic of Macedonia,2017,99.12
The former Yugoslav Republic of Macedonia,2016,98.7
The former Yugoslav Republic of Macedonia,2015,98.14
The former Yugoslav Republic of Macedonia,2014,97.57
The former Yugoslav Republic of Macedonia,2013,97.01
The former Yugoslav Republic of Macedonia,2012,95.95
The former Yugoslav Republic of Macedonia,2011,94.54
The former Yugoslav Republic of Macedonia,2010,93.15
The former Yugoslav Republic of Macedonia,2009,91.77
The former Yugoslav Republic of Macedonia,2008,90.4
The former Yugoslav Republic of Macedonia,2007,89.05
The former Yugoslav Republic of Macedonia,2006,87.71
The former Yugoslav Republic of Macedonia,2005,86.4
The former Yugoslav Republic of Macedonia,2004,85.1
The former Yugoslav Republic of Macedonia,2003,85.12
The former Yugoslav Republic of Macedonia,2002,85.15
The former Yugoslav Republic of Macedonia,2001,85.18
The former Yugoslav Republic of Macedonia,2000,85.21
Romania,2017,84.31
Romania,2016,83.56
Romania,2015,82.81
Romania,2014,82.07
Romania,2013,81.34
Romania,2012,80.6
Romania,2011,79.86
Romania,2010,79.07
Romania,2009,78.28
Romania,2008,77.49
Romania,2007,76.69
Romania,2006,75.89
Romania,2005,75.09
Romania,2004,75.04
Romania,2003,74.99
Romania,2002,74.94
Romania,2001,74.97
Russian Federation,2017,90.48
Russian Federation,2016,90.06
Russian Federation,2015,89.64
Russian Federation,2014,89.22
Russian Federation,2013,88.8
Russian Federation,2012,88.38
Russian Federation,2011,87.97
Russian Federation,2010,87.55
Russian Federation,2009,87.14
Russian Federation,2008,86.72
Russian Federation,2007,86.3
Russian Federation,2006,85.88
Russian Federation,2005,85.46
Russian Federation,2004,85.04
Russian Federation,2003,84.61
Russian Federation,2002,84.19
Russian Federation,2001,83.79
Russian Federation,2000,83.38
Rwanda,2017,66.57
Rwanda,2016,65.41
Rwanda,2015,64.24
Rwanda,2014,63.06
Rwanda,2013,61.87
Rwanda,2012,60.67
Rwanda,2011,59.47
Rwanda,2010,58.26
Rwanda,2009,57.04
Rwanda,2008,55.82
Rwanda,2007,54.6
Rwanda,2006,53.36
Rwanda,2005,52.13
Rwanda,2004,50.88
Rwanda,2003,49.63
Rwanda,2002,48.36
Rwanda,2001,46.92
Rwanda,2000,45.44
Saint Kitts and Nevis,2013,91.61
Saint Kitts and Nevis,2012,91.61
Saint Kitts and Nevis,2011,91.61
Saint Kitts and Nevis,2010,91.61
Saint Kitts and Nevis,2009,91.61
Saint Kitts and Nevis,2008,90.91
Saint Kitts and Nevis,2007,90.22
Saint Kitts and Nevis,2006,89.52
Saint Kitts and Nevis,2005,88.83
Saint Kitts and Nevis,2004,88.13
Saint Kitts and Nevis,2003,87.44
Saint Kitts and Nevis,2002,86.74
Saint Kitts and Nevis,2001,86.05
Saint Kitts and Nevis,2000,85.35
Saint Lucia,2017,88.35
Saint Lucia,2016,88.36
Saint Lucia,2015,88.37
Saint Lucia,2014,88.37
Saint Lucia,2013,88.66
Saint Lucia,2012,88.13
Saint Lucia,2011,87.43
Saint Lucia,2010,86.71
Saint Lucia,2009,85.92
Saint Lucia,2008,85.15
Saint Lucia,2007,84.38
Saint Lucia,2006,83.63
Saint Lucia,2005,82.9
Saint Lucia,2004,82.17
Saint Lucia,2003,81.47
Saint Lucia,2002,81.49
Saint Lucia,2001,81.51
Saint Lucia,2000,81.51
Saint Vincent and the Grenadines,2017,87.18
Saint Vincent and the Grenadines,2016,87.18
Saint Vincent and the Grenadines,2015,87.18
Saint Vincent and the Grenadines,2014,87.18
Saint Vincent and the Grenadines,2013,86.02
Saint Vincent and the Grenadines,2012,84.85
Saint Vincent and the Grenadines,2011,83.68
Saint Vincent and the Grenadines,2010,82.51
Saint Vincent and the Grenadines,2009,81.34
Saint Vincent and the Grenadines,2008,80.18
Saint Vincent and the Grenadines,2007,79.01
Saint Vincent and the Grenadines,2006,77.84
Saint Vincent and the Grenadines,2005,76.67
Saint Vincent and the Grenadines,2004,75.5
Saint Vincent and the Grenadines,2003,74.33
Saint Vincent and the Grenadines,2002,73.17
Saint Vincent and the Grenadines,2001,72
Saint Vincent and the Grenadines,2000,70.83
Samoa,2017,98.17
Samoa,2016,98.12
Samoa,2015,98.07
Samoa,2014,98.02
Samoa,2013,97.97
Samoa,2012,97.92
Samoa,2011,97.87
Samoa,2010,97.82
Samoa,2009,97.78
Samoa,2008,97.73
Samoa,2007,97.68
Samoa,2006,97.64
Samoa,2005,97.59
Samoa,2004,97.55
Samoa,2003,97.56
Samoa,2002,97.56
Samoa,2001,97.56
Samoa,2000,97.56
San Marino,2017,100
San Marino,2016,100
San Marino,2015,100
San Marino,2014,100
San Marino,2013,100
San Marino,2012,100
San Marino,2011,100
San Marino,2010,100
San Marino,2009,100
San Marino,2008,100
San Marino,2007,100
San Marino,2006,100
San Marino,2005,100
San Marino,2004,100
San Marino,2003,100
San Marino,2002,100
San Marino,2001,100
San Marino,2000,100
Sao Tome and Principe,2017,42.97
Sao Tome and Principe,2016,42.83
Sao Tome and Principe,2015,41.36
Sao Tome and Principe,2014,39.9
Sao Tome and Principe,2013,38.43
Sao Tome and Principe,2012,36.96
Sao Tome and Principe,2011,35.49
Sao Tome and Principe,2010,34.03
Sao Tome and Principe,2009,32.58
Sao Tome and Principe,2008,31.14
Sao Tome and Principe,2007,29.71
Sao Tome and Principe,2006,28.28
Sao Tome and Principe,2005,26.87
Sao Tome and Principe,2004,25.47
Sao Tome and Principe,2003,24.17
Sao Tome and Principe,2002,22.89
Sao Tome and Principe,2001,21.62
Sao Tome and Principe,2000,20.39
Saudi Arabia,2017,100
Saudi Arabia,2016,99.91
Saudi Arabia,2015,99.8
Saudi Arabia,2014,99.69
Saudi Arabia,2013,99.59
Saudi Arabia,2012,99.48
Saudi Arabia,2011,99.37
Saudi Arabia,2010,99.27
Saudi Arabia,2009,99.16
Saudi Arabia,2008,99.05
Saudi Arabia,2007,98.94
Saudi Arabia,2006,98.84
Saudi Arabia,2005,98.73
Saudi Arabia,2004,98.62
Saudi Arabia,2003,98.52
Saudi Arabia,2002,98.41
Saudi Arabia,2001,98.41
Saudi Arabia,2000,98.41
Senegal,2017,51.47
Senegal,2016,50.78
Senegal,2015,50.09
Senegal,2014,49.38
Senegal,2013,48.67
Senegal,2012,47.95
Senegal,2011,47.23
Senegal,2010,46.49
Senegal,2009,45.75
Senegal,2008,45
Senegal,2007,44.24
Senegal,2006,43.48
Senegal,2005,42.71
Senegal,2004,41.93
Senegal,2003,41.14
Senegal,2002,40.4
Senegal,2001,39.7
Senegal,2000,38.89
Serbia,2017,97.57
Serbia,2016,97.6
Serbia,2015,97.64
Serbia,2014,97.46
Serbia,2013,97.23
Serbia,2012,96.99
Serbia,2011,96.76
Serbia,2010,96.53
Serbia,2009,96.29
Serbia,2008,96.06
Serbia,2007,95.83
Serbia,2006,95.59
Serbia,2005,95.36
Serbia,2004,95.13
Serbia,2003,95.17
Serbia,2002,95.2
Serbia,2001,95.24
Serbia,2000,95.28
Seychelles,2017,100
Seychelles,2016,100
Seychelles,2015,100
Seychelles,2014,100
Seychelles,2013,99.58
Seychelles,2012,99.24
Seychelles,2011,98.81
Seychelles,2010,98.39
Seychelles,2009,97.96
Seychelles,2008,97.54
Seychelles,2007,97.11
Seychelles,2006,96.69
Seychelles,2005,96.26
Seychelles,2004,95.84
Seychelles,2003,95.41
Seychelles,2002,94.99
Seychelles,2001,94.56
Seychelles,2000,94.14
Sierra Leone,2017,15.65
Sierra Leone,2016,15.29
Sierra Leone,2015,14.94
Sierra Leone,2014,14.59
Sierra Leone,2013,14.24
Sierra Leone,2012,13.89
Sierra Leone,2011,13.55
Sierra Leone,2010,13.2
Sierra Leone,2009,12.87
Sierra Leone,2008,12.53
Sierra Leone,2007,12.2
Sierra Leone,2006,11.87
Sierra Leone,2005,11.55
Sierra Leone,2004,11.23
Sierra Leone,2003,10.93
Sierra Leone,2002,10.68
Sierra Leone,2001,10.43
Sierra Leone,2000,10.18
Singapore,2017,100
Singapore,2016,100
Singapore,2015,100
Singapore,2014,100
Singapore,2013,100
Singapore,2012,100
Singapore,2011,100
Singapore,2010,100
Singapore,2009,100
Singapore,2008,100
Singapore,2007,100
Singapore,2006,100
Singapore,2005,100
Singapore,2004,100
Singapore,2003,100
Singapore,2002,100
Singapore,2001,100
Singapore,2000,100
Slovakia,2017,97.94
Slovakia,2016,97.93
Slovakia,2015,97.93
Slovakia,2014,97.92
Slovakia,2013,97.92
Slovakia,2012,97.91
Slovakia,2011,97.91
Slovakia,2010,97.91
Slovakia,2009,97.9
Slovakia,2008,97.9
Slovakia,2007,97.9
Slovakia,2006,97.89
Slovakia,2005,97.89
Slovakia,2004,97.88
Slovakia,2003,97.88
Slovakia,2002,97.87
Slovakia,2001,97.87
Slovakia,2000,97.87
Slovenia,2017,99.11
Slovenia,2016,99.11
Slovenia,2015,99.11
Slovenia,2014,99.11
Slovenia,2013,99.11
Slovenia,2012,99.11
Slovenia,2011,99.11
Slovenia,2010,99.11
Slovenia,2009,99.11
Slovenia,2008,99.11
Slovenia,2007,99.11
Slovenia,2006,99.11
Slovenia,2005,99.11
Slovenia,2004,99.11
Slovenia,2003,99.11
Slovenia,2002,99.11
Slovenia,2001,99.11
Slovenia,2000,99.11
Solomon Islands,2017,33.53
Solomon Islands,2016,32.75
Solomon Islands,2015,31.84
Solomon Islands,2014,30.83
Solomon Islands,2013,29.83
Solomon Islands,2012,28.83
Solomon Islands,2011,27.85
Solomon Islands,2010,26.87
Solomon Islands,2009,25.9
Solomon Islands,2008,24.94
Solomon Islands,2007,23.99
Solomon Islands,2006,23.06
Solomon Islands,2005,22.13
Solomon Islands,2004,21.22
Solomon Islands,2003,21.02
Solomon Islands,2002,20.82
Solomon Islands,2001,20.63
Solomon Islands,2000,20.44
Somalia,2017,38.34
Somalia,2016,37.01
Somalia,2015,35.7
Somalia,2014,34.41
Somalia,2013,33.15
Somalia,2012,31.92
Somalia,2011,30.71
Somalia,2010,29.07
Somalia,2009,27.47
Somalia,2008,25.91
Somalia,2007,24.39
Somalia,2006,24.57
Somalia,2005,23.41
Somalia,2004,22.29
Somalia,2003,21.55
Somalia,2002,20.82
Somalia,2001,20.24
Somalia,2000,19.67
South Africa,2017,75.75
South Africa,2016,74.82
South Africa,2015,73.89
South Africa,2014,72.95
South Africa,2013,72
South Africa,2012,71.03
South Africa,2011,70.06
South Africa,2010,69.08
South Africa,2009,68.08
South Africa,2008,67.08
South Africa,2007,66.07
South Africa,2006,65.05
South Africa,2005,64.02
South Africa,2004,62.98
South Africa,2003,61.94
South Africa,2002,60.89
South Africa,2001,59.83
South Africa,2000,58.78
South Sudan,2017,11.32
South Sudan,2016,10.44
South Sudan,2015,9.6
South Sudan,2014,8.8
South Sudan,2013,8.04
South Sudan,2012,7.31
South Sudan,2011,6.63
Spain,2017,99.9
Spain,2016,99.9
Spain,2015,99.9
Spain,2014,99.9
Spain,2013,99.9
Spain,2012,99.9
Spain,2011,99.9
Spain,2010,99.9
Spain,2009,99.9
Spain,2008,99.9
Spain,2007,99.9
Spain,2006,99.9
Spain,2005,99.9
Spain,2004,99.9
Spain,2003,99.9
Spain,2002,99.9
Spain,2001,99.9
Spain,2000,99.9
Sri Lanka,2017,95.78
Sri Lanka,2016,95.11
Sri Lanka,2015,94.43
Sri Lanka,2014,93.75
Sri Lanka,2013,93.07
Sri Lanka,2012,92.39
Sri Lanka,2011,91.71
Sri Lanka,2010,91.02
Sri Lanka,2009,90.34
Sri Lanka,2008,89.65
Sri Lanka,2007,89.02
Sri Lanka,2006,88.4
Sri Lanka,2005,87.77
Sri Lanka,2004,87.14
Sri Lanka,2003,86.52
Sri Lanka,2002,85.89
Sri Lanka,2001,85.26
Sri Lanka,2000,84.64
Sudan,2017,36.58
Sudan,2016,36.49
Sudan,2015,35.07
Sudan,2014,33.67
Sudan,2013,32.29
Sudan,2012,30.92
Sudan,2011,29.57
Sudan (until 2011),2010,28.24
Sudan (until 2011),2009,26.92
Sudan (until 2011),2008,25.62
Sudan (until 2011),2007,24.33
Sudan (until 2011),2006,23.05
Sudan (until 2011),2005,21.85
Sudan (until 2011),2004,20.65
Sudan (until 2011),2003,20.64
Sudan (until 2011),2002,20.62
Sudan (until 2011),2001,20.61
Sudan (until 2011),2000,20.59
Suriname,2017,84.46
Suriname,2016,84.14
Suriname,2015,83.83
Suriname,2014,83.52
Suriname,2013,83.21
Suriname,2012,82.91
Suriname,2011,82.6
Suriname,2010,82.3
Suriname,2009,82
Suriname,2008,81.71
Suriname,2007,81.41
Suriname,2006,81.11
Suriname,2005,80.82
Suriname,2004,80.52
Suriname,2003,80.19
Suriname,2002,79.86
Suriname,2001,79.53
Suriname,2000,79.19
Sweden,2017,99.3
Sweden,2016,99.3
Sweden,2015,99.3
Sweden,2014,99.3
Sweden,2013,99.31
Sweden,2012,99.31
Sweden,2011,99.31
Sweden,2010,99.31
Sweden,2009,99.31
Sweden,2008,99.31
Sweden,2007,99.31
Sweden,2006,99.31
Sweden,2005,99.31
Sweden,2004,99.31
Sweden,2003,99.31
Sweden,2002,99.31
Sweden,2001,99.31
Sweden,2000,99.31
Switzerland,2017,99.89
Switzerland,2016,99.89
Switzerland,2015,99.89
Switzerland,2014,99.89
Switzerland,2013,99.89
Switzerland,2012,99.89
Switzerland,2011,99.89
Switzerland,2010,99.89
Switzerland,2009,99.89
Switzerland,2008,99.9
Switzerland,2007,99.9
Switzerland,2006,99.9
Switzerland,2005,99.9
Switzerland,2004,99.9
Switzerland,2003,99.9
Switzerland,2002,99.9
Switzerland,2001,99.9
Switzerland,2000,99.9
Syrian Arab Republic,2017,91.22
Syrian Arab Republic,2016,91.4
Syrian Arab Republic,2015,91.56
Syrian Arab Republic,2014,91.72
Syrian Arab Republic,2013,91.91
Syrian Arab Republic,2012,92.12
Syrian Arab Republic,2011,92.32
Syrian Arab Republic,2010,92.52
Syrian Arab Republic,2009,92.67
Syrian Arab Republic,2008,92.82
Syrian Arab Republic,2007,92.96
Syrian Arab Republic,2006,93.1
Syrian Arab Republic,2005,93.23
Syrian Arab Republic,2004,93.36
Syrian Arab Republic,2003,93.17
Syrian Arab Republic,2002,92.98
Syrian Arab Republic,2001,92.78
Syrian Arab Republic,2000,92.58
Tajikistan,2017,97.02
Tajikistan,2016,96.58
Tajikistan,2015,96.13
Tajikistan,2014,95.68
Tajikistan,2013,95.23
Tajikistan,2012,94.78
Tajikistan,2011,94.33
Tajikistan,2010,93.88
Tajikistan,2009,93.44
Tajikistan,2008,92.99
Tajikistan,2007,92.54
Tajikistan,2006,92.1
Tajikistan,2005,91.66
Tajikistan,2004,91.21
Tajikistan,2003,90.77
Tajikistan,2002,90.4
Tajikistan,2001,90.04
Tajikistan,2000,89.67
Thailand,2017,98.75
Thailand,2016,98.4
Thailand,2015,97.96
Thailand,2014,97.54
Thailand,2013,97.13
Thailand,2012,96.69
Thailand,2011,96.26
Thailand,2010,95.83
Thailand,2009,95.42
Thailand,2008,95.01
Thailand,2007,94.61
Thailand,2006,94.22
Thailand,2005,93.84
Thailand,2004,93.46
Thailand,2003,93.09
Thailand,2002,92.73
Thailand,2001,92.37
Thailand,2000,92.02
Timor-Leste,2017,53.52
Timor-Leste,2016,52.42
Timor-Leste,2015,51.32
Timor-Leste,2014,50.22
Timor-Leste,2013,49.13
Timor-Leste,2012,48.03
Timor-Leste,2011,46.93
Timor-Leste,2010,45.84
Timor-Leste,2009,44.75
Timor-Leste,2008,43.65
Timor-Leste,2007,42.56
Timor-Leste,2006,41.48
Timor-Leste,2005,40.39
Timor-Leste,2004,39.32
Timor-Leste,2003,38.24
Timor-Leste,2002,37.17
Togo,2017,16.13
Togo,2016,15.71
Togo,2015,15.3
Togo,2014,14.89
Togo,2013,14.48
Togo,2012,14.08
Togo,2011,13.68
Togo,2010,13.29
Togo,2009,12.91
Togo,2008,12.53
Togo,2007,12.16
Togo,2006,11.79
Togo,2005,11.43
Togo,2004,11.08
Togo,2003,10.8
Togo,2002,10.53
Togo,2001,10.25
Togo,2000,9.99
Tonga,2017,93.45
Tonga,2016,93.45
Tonga,2015,93.45
Tonga,2014,93.45
Tonga,2013,92.99
Tonga,2012,92.52
Tonga,2011,92.05
Tonga,2010,91.58
Tonga,2009,91.11
Tonga,2008,90.64
Tonga,2007,90.16
Tonga,2006,89.69
Tonga,2005,89.22
Tonga,2004,88.74
Tonga,2003,88.74
Tonga,2002,88.73
Tonga,2001,88.73
Tonga,2000,88.73
Trinidad and Tobago,2017,93.4
Trinidad and Tobago,2016,93.4
Trinidad and Tobago,2015,93.4
Trinidad and Tobago,2014,93.4
Trinidad and Tobago,2013,93.4
Trinidad and Tobago,2012,93.14
Trinidad and Tobago,2011,92.87
Trinidad and Tobago,2010,92.61
Trinidad and Tobago,2009,92.35
Trinidad and Tobago,2008,92.09
Trinidad and Tobago,2007,91.83
Trinidad and Tobago,2006,91.57
Trinidad and Tobago,2005,91.31
Trinidad and Tobago,2004,91.05
Trinidad and Tobago,2003,90.79
Trinidad and Tobago,2002,90.53
Trinidad and Tobago,2001,90.28
Trinidad and Tobago,2000,90.02
Tunisia,2017,90.92
Tunisia,2016,90.88
Tunisia,2015,90.3
Tunisia,2014,89.7
Tunisia,2013,88.8
Tunisia,2012,87.9
Tunisia,2011,86.99
Tunisia,2010,86.09
Tunisia,2009,85.18
Tunisia,2008,84.27
Tunisia,2007,83.36
Tunisia,2006,82.45
Tunisia,2005,81.54
Tunisia,2004,80.63
Tunisia,2003,79.69
Tunisia,2002,78.74
Tunisia,2001,77.78
Tunisia,2000,77.08
Turkey,2017,97.3
Turkey,2016,97.25
Turkey,2015,97.19
Turkey,2014,96.65
Turkey,2013,95.57
Turkey,2012,94.48
Turkey,2011,93.38
Turkey,2010,92.28
Turkey,2009,91.17
Turkey,2008,90.05
Turkey,2007,88.93
Turkey,2006,87.8
Turkey,2005,86.67
Turkey,2004,85.53
Turkey,2003,84.38
Turkey,2002,83.23
Turkey,2001,82.06
Turkey,2000,81.95
Turkmenistan,2017,98.7
Turkmenistan,2016,98.27
Turkmenistan,2015,97.85
Turkmenistan,2014,97.41
Turkmenistan,2013,96.98
Turkmenistan,2012,96.54
Turkmenistan,2011,96.11
Turkmenistan,2010,95.68
Turkmenistan,2009,95.25
Turkmenistan,2008,94.83
Turkmenistan,2007,94.41
Turkmenistan,2006,93.99
Turkmenistan,2005,93.57
Turkmenistan,2004,93.15
Turkmenistan,2003,93.06
Turkmenistan,2002,92.98
Turkmenistan,2001,92.89
Turkmenistan,2000,92.81
Tuvalu,2017,84.08
Tuvalu,2016,84.11
Tuvalu,2015,84.14
Tuvalu,2014,84.17
Tuvalu,2013,84.38
Tuvalu,2012,84
Tuvalu,2011,83.54
Tuvalu,2010,83.04
Tuvalu,2009,82.51
Tuvalu,2008,81.95
Tuvalu,2007,81.36
Tuvalu,2006,80.73
Tuvalu,2005,80.07
Tuvalu,2004,79.98
Tuvalu,2003,79.88
Tuvalu,2002,79.8
Tuvalu,2001,79.76
Uganda,2017,18.47
Uganda,2016,18.45
Uganda,2015,18.42
Uganda,2014,18.39
Uganda,2013,18.36
Uganda,2012,18.31
Uganda,2011,18.26
Uganda,2010,18.21
Uganda,2009,18.15
Uganda,2008,18.09
Uganda,2007,18.02
Uganda,2006,17.95
Uganda,2005,17.87
Uganda,2004,17.78
Uganda,2003,17.69
Uganda,2002,17.6
Uganda,2001,17.49
Uganda,2000,17.39
Ukraine,2017,96.22
Ukraine,2016,96.22
Ukraine,2015,96.22
Ukraine,2014,96.21
Ukraine,2013,96.08
Ukraine,2012,95.94
Ukraine,2011,95.81
Ukraine,2010,95.67
Ukraine,2009,95.53
Ukraine,2008,95.39
Ukraine,2007,95.25
Ukraine,2006,95.1
Ukraine,2005,94.96
Ukraine,2004,94.81
Ukraine,2003,94.66
Ukraine,2002,94.57
Ukraine,2001,94.48
Ukraine,2000,94.4
United Arab Emirates,2017,98.59
United Arab Emirates,2016,98.58
United Arab Emirates,2015,98.58
United Arab Emirates,2014,98.57
United Arab Emirates,2013,98.57
United Arab Emirates,2012,98.57
United Arab Emirates,2011,98.56
United Arab Emirates,2010,98.56
United Arab Emirates,2009,98.55
United Arab Emirates,2008,98.55
United Arab Emirates,2007,98.54
United Arab Emirates,2006,98.54
United Arab Emirates,2005,98.54
United Arab Emirates,2004,98.53
United Arab Emirates,2003,98.53
United Arab Emirates,2002,98.52
United Arab Emirates,2001,98.52
United Arab Emirates,2000,98.52
United Kingdom of Great Britain and Northern Ireland,2017,99.11
United Kingdom of Great Britain and Northern Ireland,2016,99.11
United Kingdom of Great Britain and Northern Ireland,2015,99.11
United Kingdom of Great Britain and Northern Ireland,2014,99.11
United Kingdom of Great Britain and Northern Ireland,2013,99.11
United Kingdom of Great Britain and Northern Ireland,2012,99.12
United Kingdom of Great Britain and Northern Ireland,2011,99.12
United Kingdom of Great Britain and Northern Ireland,2010,99.12
United Kingdom of Great Britain and Northern Ireland,2009,99.12
United Kingdom of Great Britain and Northern Ireland,2008,99.12
United Kingdom of Great Britain and Northern Ireland,2007,99.12
United Kingdom of Great Britain and Northern Ireland,2006,99.12
United Kingdom of Great Britain and Northern Ireland,2005,99.12
United Kingdom of Great Britain and Northern Ireland,2004,99.13
United Kingdom of Great Britain and Northern Ireland,2003,99.13
United Kingdom of Great Britain and Northern Ireland,2002,99.13
United Kingdom of Great Britain and Northern Ireland,2001,99.13
United Kingdom of Great Britain and Northern Ireland,2000,99.13
United Republic of Tanzania,2017,29.91
United Republic of Tanzania,2016,28.39
United Republic of Tanzania,2015,26.87
United Republic of Tanzania,2014,25.35
United Republic of Tanzania,2013,23.83
United Republic of Tanzania,2012,22.32
United Republic of Tanzania,2011,20.81
United Republic of Tanzania,2010,19.3
United Republic of Tanzania,2009,17.79
United Republic of Tanzania,2008,16.29
United Republic of Tanzania,2007,14.78
United Republic of Tanzania,2006,13.28
United Republic of Tanzania,2005,11.79
United Republic of Tanzania,2004,10.29
United Republic of Tanzania,2003,8.79
United Republic of Tanzania,2002,7.28
United Republic of Tanzania,2001,5.8
United Republic of Tanzania,2000,4.32
United States of America,2017,99.97
United States of America,2016,99.97
United States of America,2015,99.97
United States of America,2014,99.97
United States of America,2013,99.97
United States of America,2012,99.97
United States of America,2011,99.97
United States of America,2010,99.97
United States of America,2009,99.97
United States of America,2008,99.97
United States of America,2007,99.97
United States of America,2006,99.97
United States of America,2005,99.97
United States of America,2004,99.97
United States of America,2003,99.97
United States of America,2002,99.97
United States of America,2001,99.97
United States of America,2000,99.97
Uruguay,2017,96.6
Uruguay,2016,96.4
Uruguay,2015,96.2
Uruguay,2014,96.01
Uruguay,2013,95.81
Uruguay,2012,95.61
Uruguay,2011,95.4
Uruguay,2010,95.2
Uruguay,2009,94.98
Uruguay,2008,94.77
Uruguay,2007,94.55
Uruguay,2006,94.33
Uruguay,2005,94.1
Uruguay,2004,93.95
Uruguay,2003,93.92
Uruguay,2002,93.9
Uruguay,2001,93.87
Uruguay,2000,93.84
Uzbekistan,2017,100
Uzbekistan,2016,100
Uzbekistan,2015,100
Uzbekistan,2014,100
Uzbekistan,2013,99.97
Uzbekistan,2012,99.6
Uzbekistan,2011,99.06
Uzbekistan,2010,98.52
Uzbekistan,2009,97.97
Uzbekistan,2008,97.41
Uzbekistan,2007,96.84
Uzbekistan,2006,96.27
Uzbekistan,2005,95.69
Uzbekistan,2004,95.1
Uzbekistan,2003,94.5
Uzbekistan,2002,93.9
Uzbekistan,2001,93.29
Uzbekistan,2000,92.68
Vanuatu,2017,34.07
Vanuatu,2016,36.09
Vanuatu,2015,38.13
Vanuatu,2014,40.19
Vanuatu,2013,42.28
Vanuatu,2012,44.38
Vanuatu,2011,46.51
Vanuatu,2010,48.65
Vanuatu,2009,50.81
Vanuatu,2008,52.98
Vanuatu,2007,55.17
Vanuatu,2006,57.39
Vanuatu,2005,59.63
Vanuatu,2004,61.9
Vanuatu,2003,61.88
Vanuatu,2002,61.86
Vanuatu,2001,61.84
Vanuatu,2000,61.82
Venezuela (Bolivarian Republic of),2017,93.94
Venezuela (Bolivarian Republic of),2016,93.94
Venezuela (Bolivarian Republic of),2015,93.94
Venezuela (Bolivarian Republic of),2014,93.94
Venezuela (Bolivarian Republic of),2013,93.94
Venezuela (Bolivarian Republic of),2012,93.94
Venezuela (Bolivarian Republic of),2011,93.94
Venezuela (Bolivarian Republic of),2010,93.94
Venezuela (Bolivarian Republic of),2009,93.94
Venezuela (Bolivarian Republic of),2008,93.59
Venezuela (Bolivarian Republic of),2007,93.24
Venezuela (Bolivarian Republic of),2006,92.89
Venezuela (Bolivarian Republic of),2005,92.54
Viet Nam,2017,83.52
Viet Nam,2016,81.86
Viet Nam,2015,80.08
Viet Nam,2014,78.29
Viet Nam,2013,76.49
Viet Nam,2012,74.68
Viet Nam,2011,72.85
Viet Nam,2010,71.02
Viet Nam,2009,69.17
Viet Nam,2008,67.31
Viet Nam,2007,65.45
Viet Nam,2006,63.57
Viet Nam,2005,61.69
Viet Nam,2004,59.79
Viet Nam,2003,57.95
Viet Nam,2002,56.1
Viet Nam,2001,54.24
Viet Nam,2000,52.37
Yemen,2017,59.05
Yemen,2016,58.77
Yemen,2015,58.5
Yemen,2014,57.41
Yemen,2013,56.31
Yemen,2012,55.19
Yemen,2011,54.06
Yemen,2010,52.9
Yemen,2009,51.73
Yemen,2008,50.54
Yemen,2007,49.33
Yemen,2006,48.11
Yemen,2005,46.87
Yemen,2004,45.61
Yemen,2003,44.17
Yemen,2002,42.72
Yemen,2001,42.41
Yemen,2000,42.1
Zambia,2017,26.37
Zambia,2016,26.09
Zambia,2015,25.98
Zambia,2014,25.86
Zambia,2013,25.74
Zambia,2012,25.61
Zambia,2011,25.48
Zambia,2010,25.33
Zambia,2009,25.19
Zambia,2008,25.03
Zambia,2007,24.87
Zambia,2006,24.7
Zambia,2005,24.53
Zambia,2004,24.35
Zambia,2003,24.16
Zambia,2002,23.97
Zambia,2001,23.77
Zambia,2000,23.66
Zimbabwe,2017,36.22
Zimbabwe,2016,36.89
Zimbabwe,2015,37.57
Zimbabwe,2014,38.25
Zimbabwe,2013,38.94
Zimbabwe,2012,39.64
Zimbabwe,2011,40.35
Zimbabwe,2010,41.05
Zimbabwe,2009,41.77
Zimbabwe,2008,42.48
Zimbabwe,2007,43.2
Zimbabwe,2006,43.92
Zimbabwe,2005,44.65
Zimbabwe,2004,45.37
Zimbabwe,2003,46.11
Zimbabwe,2002,46.15
Zimbabwe,2001,46.05
Zimbabwe,2000,45.93
